email,password,affiliation,history,interests
mgutowska0@google.de,3RkLktd,Mekelle University,Quality Control Specialist,Human Resources
trichardot1@bigcartel.com,cUNNNC,Grantham University,Safety Technician I,Sales
fbarr2@canalblog.com,did5jlqEv2au,University of East,Editor,Engineering
eboas3@blogtalkradio.com,AOt2ospREQjw,Dowling College,Executive Secretary,Legal
fsmalley4@tumblr.com,9ULUEtK7F,Cyprus University of Technology,Analog Circuit Design manager,Training
rsmeuin5@i2i.jp,FuY7ISmdn9,Ecole Centrale de Nantes,Geological Engineer,Research and Development
jnoel6@shop-pro.jp,13UYKWv5,Technical University of Warsaw,Tax Accountant,Sales
cyankishin7@imageshack.us,JnC03CfE,Vitebsk State Medical University,Account Representative II,Engineering
mphilipsohn8@sun.com,CxNhmW,Ecole Nationale Supérieur de Mécaniques et des Microtechniques,Actuary,Services
lchieze9@rambler.ru,OId0hSYrh,"University of the West Indies, Mona",Internal Auditor,Legal
rdinesa@facebook.com,h79OoSZ,Universidad Catolica de La Santísima Concepción,Senior Quality Engineer,Services
adrewesb@craigslist.org,YfVEGaGW,National Pirogov Memorial Medical University,Editor,Support
bwolfendalec@ft.com,BEtO226X,University of Ostrava,Librarian,Product Management
gmustond@marketwatch.com,XVc6jdqEkVd,Bashkir State Medical University,Media Manager II,Training
bdurdane@arizona.edu,GNZTsNKx,University of Nevada - Reno,Senior Quality Engineer,Marketing
cethingtonf@virginia.edu,67KIfu4,Universidad de Montevideo,Internal Auditor,Services
jkettlesingg@harvard.edu,b7wrVdwNQt9G,Institut Supérieur d'Agriculture Rhone-Alpes,VP Product Management,Marketing
dpykeh@hibu.com,URox7krrtiO,Shanghai Customs College,Community Outreach Specialist,Human Resources
rrowantreei@sciencedirect.com,5tf1JpLfW55x,Jahrom University of Medical Sciences,Environmental Tech,Accounting
hboyanj@amazonaws.com,qWLfUPBs,Pomona College,Professor,Services
cjessenk@rambler.ru,tj5bGJocLqS,Dar al Hekma College,Nurse,Human Resources
crahll@tinypic.com,hQTpib6MW,Baylor University,Developer III,Business Development
mbrachm@who.int,FzGcPlOs,Voronezh State Medical Academy,Database Administrator II,Marketing
apourvoieurn@japanpost.jp,e021Cy,Pennsylvania State University at Harrisburg - The Capital College,Software Test Engineer I,Research and Development
mbramaho@blinklist.com,zN2P3WZuKDd7,Bard Graduate Center for Studies in the Decorative Arts,Project Manager,Accounting
hwrattenp@state.tx.us,A0RnMsb5Y1,Shikoku Christian College,Accounting Assistant III,Services
dludmannq@fc2.com,j5pHsvkzlkp,Instituto Tecnológico de Costa Rica,Teacher,Engineering
heveralr@blinklist.com,qmgd3Uo2gN,Istanbul Bilgi University,Marketing Assistant,Marketing
ucurados@over-blog.com,k6XLx4v0hu,Ryukoku University,Chemical Engineer,Business Development
eachesont@ucoz.ru,IS1T5LyRvA,Mara Poly-Tech College,Automation Specialist II,Engineering
rdableu@vistaprint.com,PDMwa3qt8Cj,Taif University,Senior Sales Associate,Product Management
brosomanv@cyberchimps.com,uzEbv7,Polytechnic Ibadan,Engineer II,Legal
clauchlanw@biglobe.ne.jp,9yzi1wG5,University of British Columbia,Senior Quality Engineer,Services
tpassx@histats.com,zsIVB96LqH,Hiroshima Women's University,VP Accounting,Support
ehinckesy@nyu.edu,C3PxertN,Trinity College Connecticut,VP Sales,Legal
fanthoinez@tuttocitta.it,MOIC8c7p,Vongchavalitkul University,Editor,Marketing
dniemiec10@imgur.com,0utQrh,Anhui University of Traditional Chinese Medicine,VP Sales,Product Management
kkarpinski11@istockphoto.com,mB97bj,Kagoshima Women's College,Information Systems Manager,Engineering
mminogue12@hexun.com,Lvd9wAeDTKt,Macalester College,Registered Nurse,Marketing
pborrett13@sakura.ne.jp,CGpcWb,Institut National Polytechnique de Toulouse,Paralegal,Services
ecreek14@examiner.com,gazHqmkBXCvq,University of Hull,Chief Design Engineer,Training
ihuckerby15@arstechnica.com,tKC52y,University of Bihac,VP Accounting,Services
fkuhnwald16@pagesperso-orange.fr,2oN1w8,Chung Shan Medical and Dental College,Environmental Tech,Services
jlumsdaine17@slideshare.net,PHxyQM,Universitas Tunas Pembangunan,Help Desk Operator,Sales
jbowsher18@theatlantic.com,oMltIx,Technical University of Lodz,Environmental Specialist,Accounting
wredgrove19@over-blog.com,andoGTYs0nF,Hiroshima Institute of Technology,Accounting Assistant I,Legal
grhelton1a@blogspot.com,ZHMvUzJ,Universidad Maimónides,Administrative Assistant I,Legal
aauston1b@storify.com,n1iTLA,Harding University Graduate School of Religion,Staff Accountant I,Business Development
handrew1c@icio.us,cQUjW4X,Erasmus University Rotterdam,Social Worker,Training
kdrydale1d@umn.edu,IgfsLJcXW,Xavier University,Office Assistant IV,Marketing
blebarre1e@livejournal.com,zBYluv,Tehran University of Teacher Training,General Manager,Services
dastill1f@sciencedaily.com,jW1iPF,University of Miskolc,Community Outreach Specialist,Research and Development
cchessil1g@networkadvertising.org,0rKdI0S7,Posts & Telecommunications Institute of Technology,Analyst Programmer,Sales
rvaszoly1h@posterous.com,lpL76HAAAOc,Universidad Nacional de Santiago del Estero,Teacher,Legal
bvader1i@apache.org,Gs7b74ax03CY,Loyola College in Maryland,Software Engineer IV,Services
bbolstridge1j@soup.io,9uHTb1WX9b,University of Mississippi Medical Center,Human Resources Assistant IV,Support
ishields1k@ed.gov,OrXOy5hd354,Tashkent Islam University,Research Nurse,Research and Development
rbaalham1l@about.me,2hp8xctdiUQr,Sistan & Balouchestan University,Help Desk Operator,Training
eguido1m@sun.com,N2oMaEBOgEIo,University of the South Pacific,Tax Accountant,Human Resources
wclurow1n@go.com,AWas0Xl5,Kinjo Gakuin University,Senior Editor,Accounting
tivamy1o@smh.com.au,dgjbbv9lW,American University of the Caribbean,VP Sales,Research and Development
jgatherell1p@nba.com,Ro6U37k7,Dalanj University,Electrical Engineer,Support
aiggo1q@ucla.edu,mkSRCL,Norwegian College of Veterinary Medicine,Geologist IV,Sales
hsteanyng1r@php.net,KbJtTs7REH,Toho Gakuen School of Music,Financial Analyst,Engineering
mbeak1s@upenn.edu,Wa1IYXTHt,Universidad Católica de Salta,Assistant Manager,Product Management
glevett1t@taobao.com,JwbwkAe,Universidad del Cine - Buenos Aires,Director of Sales,Marketing
bjenyns1u@netvibes.com,uXSJGyBK,Gandhi Institute of Technology and Managment,Analog Circuit Design manager,Research and Development
dliggett1v@nsw.gov.au,FRoyXmNewZD8,Sir Syed Institute Of Technology Islamabad,Software Test Engineer III,Marketing
jjinda1w@dmoz.org,NN77Vm4,Balamand University,Operator,Business Development
esampey1x@cam.ac.uk,7ssMv2IS3x,Ahvaz University of Medical Sciences,Nurse Practicioner,Training
fmunns1y@hugedomains.com,0etO4Ym8Pg3,Russell Berrie Nanotechnology Institute,Statistician IV,Marketing
isailer1z@webnode.com,8en4YHj,Western Maryland College,Civil Engineer,Marketing
cgravell20@cnbc.com,hSjTKmwuyG,University of Dohuk (Kurdistan Region),Geologist I,Sales
fpele21@gravatar.com,i6ACVD91,York College of Pennsylvania,Librarian,Services
clewsley22@nature.com,TjtLfUv4Et,Al-Baath University,Financial Analyst,Business Development
agerok23@gmpg.org,GwoQQYL,"Universidad Iberoamericana, Campus León",Account Representative I,Engineering
kbritland24@trellian.com,Mh4fBaqOUfYl,Mongolian State University of Agriculture,Research Assistant III,Engineering
kjennaway25@imgur.com,Nvy3yMwltB9,"Universidad Internacional de Andalucía, Sede Antonio Machado de Baeza",Editor,Product Management
jhatter26@typepad.com,jgulVTXMfMTu,Maritime University in Szczecin,Research Associate,Training
lconyer27@cmu.edu,dqy9hIAmdS,Utrecht University,Help Desk Technician,Accounting
mbettington28@godaddy.com,QS7T1kW,Art University,Database Administrator II,Legal
bpietrasik29@pcworld.com,fE7bs5L,University of Liverpool,Systems Administrator IV,Marketing
kvanderweedenburg2a@utexas.edu,p4n58rNjwb,European University Institute,Budget/Accounting Analyst III,Product Management
tpolley2b@epa.gov,amfYrfi,"Universidad ""Adolfo Ibañez""",Media Manager III,Human Resources
aellerbeck2c@engadget.com,5B2H5Us,Institut National des Sciences Appliquées de Toulouse,Systems Administrator III,Product Management
cpakes2d@hugedomains.com,3DBTuu,"National Academy of Music ""Pantcho Vladigerov""",Environmental Tech,Training
dmedland2e@ebay.co.uk,PfAvcOc,New York Institute of Technology,Food Chemist,Support
shardage2f@histats.com,rikUUcKXC0,Universitas Tunas Pembangunan,Software Test Engineer II,Product Management
leastwell2g@google.de,i6PZVDfmqal5,Ningxia Medical College,Accounting Assistant IV,Research and Development
atween2h@intel.com,IcpYrYfv,University of Brunei Darussalam,Food Chemist,Sales
tdragon2i@stanford.edu,nwdF1JhYm,Gansu University of Technology,Senior Developer,Engineering
eoliveras2j@nytimes.com,2optw9W,"Schiller International University, Madrid",Geological Engineer,Accounting
lsimkiss2k@freewebs.com,CR2Oe0EzqO,Université de Valenciennes et du Hainaut-Cambrésis,Librarian,Sales
arollason2l@reference.com,m3czBg,"Music Academy ""Karol Lipinski"" in Wroclaw",VP Quality Control,Accounting
lsancraft2m@ihg.com,MsW5DvR51iX,Université Chouaib Doukkali,Cost Accountant,Engineering
tabberley2n@ft.com,MN8amk,University of Constanta,Research Associate,Support
gbecerro2o@businessinsider.com,noYESuQ4F,Universidad La Republica,Director of Sales,Human Resources
ndwight2p@blogger.com,DkZB0ii,St. Petersburg State University of Culture and Arts,Staff Scientist,Engineering
ltyhurst2q@elegantthemes.com,3GKdT1,Universidad Autónoma de Baja California,Developer IV,Legal
vlossman2r@unc.edu,BBeFrCwu,Kaluga State Pedagogical University,Senior Cost Accountant,Human Resources
icocklin2s@ameblo.jp,nYcO02e9w,Ecole Nationale du Génie de l'Eau et de l'Environnement de Strasbourg,General Manager,Services
mmoggle2t@whitehouse.gov,R9ufRK,Saint Ferdinand College,Help Desk Operator,Support
rsextone2u@devhub.com,XQXnRrFMFp,National University of Computer & Emerging Sciences,Software Engineer II,Accounting
bolesen2v@house.gov,8iZSU4IZ,University of Liberia,Professor,Accounting
ajohnke2w@vinaora.com,oyjm6m5X,Mississippi State University,Marketing Manager,Sales
mcordall2x@canalblog.com,X3mxLmepb6GV,Hoshi University,Structural Analysis Engineer,Services
eprahl2y@businesswire.com,mJbtVJbS8xjR,Kanazawa College of Art,Environmental Tech,Legal
kdrennan2z@istockphoto.com,XCkpWDaLFWTh,Point Park College,Safety Technician III,Marketing
eperrin30@usatoday.com,NBoKMT6MB,Wuhan Transportation University,Food Chemist,Product Management
hdanihelka31@google.cn,QmDTSmtHq,Police Academy of Latvia,Civil Engineer,Product Management
jsarjeant32@marketwatch.com,s2N9B8dLZ9c,St. Mary's University of San Antonio,Developer IV,Product Management
obreissan33@hud.gov,7qF8oCsbRXU,University of Lecce,Developer II,Business Development
akarlolczak34@yahoo.com,rlIe0jYvU,American International College,Environmental Specialist,Support
bcaldecott35@nba.com,Rr9ey7dsl,Taganrog State Pedagogical Institute,Community Outreach Specialist,Legal
segar36@bravesites.com,y6xkQEcFHPc,Grand Valley State University,Quality Control Specialist,Product Management
otreadgold37@cyberchimps.com,CiDpru,Dhirubhai Ambani Institute of Information and Communication Technology,Dental Hygienist,Sales
stitterington38@ocn.ne.jp,jXMnADfDo79x,Faculté Polytechnique de Mons,Sales Representative,Accounting
wrosel39@mozilla.com,XaG5fp,Columbus University,Database Administrator IV,Legal
kmasden3a@a8.net,mFm0lUc08f,Standford Online University,Social Worker,Human Resources
acrudginton3b@sun.com,vnL6Qz501LJn,Lumbini Buddhist University,Staff Accountant II,Services
igossart3c@ucoz.com,4fbrjk9yZ,Lebanese American University,VP Quality Control,Business Development
dblais3d@nytimes.com,PjjSiqZaJA,Sree Sankaracharya University of Sanskrit,VP Accounting,Engineering
amcdermid3e@globo.com,XUMfMVbAkb8g,Kabul University,Budget/Accounting Analyst II,Legal
awickardt3f@thetimes.co.uk,zmZWQyiCSdO,Institute of Space Technology,GIS Technical Architect,Human Resources
cgarnson3g@joomla.org,kfK3HeiuJF,American College of Thessaloniki,Nurse Practicioner,Human Resources
fmccurlye3h@ebay.co.uk,Dcq6ggtv7lF,Universidad de Especialidades del Espíritu Santo,Statistician IV,Product Management
zfruser3i@dedecms.com,pQ8EPPQ,Universidad del Valle de México,Nurse Practicioner,Accounting
jkench3j@feedburner.com,iZDHXUzZBhJ,Universitas Persada Indonesia Y.A.I,General Manager,Marketing
arenihan3k@vinaora.com,MfAp1HYb2LR,Internationale Fachhochschule Aalen,Help Desk Operator,Research and Development
cghidoli3l@craigslist.org,uSgOIPM8ag,Indiana University at Kokomo,Legal Assistant,Legal
cshephard3m@usa.gov,DcB9cf,Kursk State Technical University,Graphic Designer,Human Resources
pcalcut3n@unesco.org,KMKL3moGJY,Antioch University Seattle,Assistant Professor,Marketing
riacobini3o@vinaora.com,cmE0VVBl,"Universidad Salvadorena ""Alberto Masferrer""",Sales Representative,Product Management
semberson3p@gmpg.org,H7IRFrSY,Ursinus College,Engineer IV,Legal
fsaxon3q@patch.com,hx03fI,Bryn Athyn College of the New Church,Assistant Professor,Sales
tkuhle3r@si.edu,l24iWI,"Instituto Politécnico Nacional, Campus Guanajuato",Technical Writer,Accounting
acanland3s@prlog.org,8lw7AhEPPsj,Meisei University,Nuclear Power Engineer,Sales
acrother3t@wordpress.org,W2bYsZaRj7E,University of St. Andrews,Sales Associate,Engineering
cmiliffe3u@jimdo.com,167zxXyukuj,"Islamic Azad University, Shahr-e-rey Branch",Mechanical Systems Engineer,Services
gdelisle3v@technorati.com,vlO5VKa0YzcA,King Saud University,Desktop Support Technician,Marketing
carnopp3w@freewebs.com,7li3Ge,University of Abertay Dundee,Nurse,Services
mwain3x@live.com,zbpx3e1utck,Eastern Illinois University,Biostatistician II,Marketing
hemm3y@eepurl.com,n0fVytx0BX,Soai University,Chief Design Engineer,Accounting
mcassey3z@deliciousdays.com,IJNVwWqrb3C,Belarussian State Agrarian Technical University,Accountant III,Product Management
thucker40@blogspot.com,xla9Bky,Mercy College,Editor,Marketing
mfelmingham41@ihg.com,Ez2691,Southern New Hampshire University,Account Executive,Training
kboggis42@guardian.co.uk,9BPrRdOcKwB,University of Fort Hare,Research Associate,Sales
placase43@google.pl,XhM8UysxK,Kokushikan University,Biostatistician IV,Support
rvenour44@quantcast.com,hMw3LG9z92j,Kenyatta University,Registered Nurse,Engineering
fbickerdike45@gmpg.org,3HvqGNL9DnHA,University of Wisconsin - Green Bay,Data Coordiator,Support
tjannings46@prnewswire.com,OjQDW9heW9g4,Binary University College of Managemant & Entrepreneurship,Associate Professor,Marketing
foldman47@cbc.ca,p8qGCEsOnG,Akita University,VP Marketing,Product Management
sdemars48@umich.edu,XiiHvJqiBz,Jones College,Systems Administrator III,Training
dlodford49@geocities.jp,6mIIpSsY,Taganrog State Pedagogical Institute,Recruiting Manager,Research and Development
aburdis4a@squidoo.com,9i7zAzR9u5,Wesley College Mississippi,Environmental Specialist,Human Resources
vzealander4b@shareasale.com,TZuu6RqhWR,"University ""Aurel Vlaicu"" Arad",Senior Editor,Human Resources
abazell4c@slate.com,P0ypoNF,School of Management,Help Desk Technician,Product Management
wspread4d@si.edu,3qNajwAdYLD,Emmanuel College,Structural Analysis Engineer,Research and Development
ltegeller4e@indiegogo.com,pw5kZw39N,Universidad Mariano Gálvez,Database Administrator II,Legal
dfattori4f@timesonline.co.uk,GMPqN4kGm,"Johns Hopkins University, SAIS Bologna Center",Clinical Specialist,Support
esilk4g@toplist.cz,jZCaiG,Kuwait Maastricht Business School,Safety Technician III,Product Management
bemanuelli4h@unblog.fr,BOhwbDzXO8li,"Monash University, Malaysia Campus",Programmer Analyst I,Sales
ssallter4i@gizmodo.com,UNQlU7y,Universidad Católica del Táchira,Marketing Assistant,Research and Development
gbifield4j@admin.ch,tIEgbrwj,"Institute of Teachers Education, Darul Aman",Mechanical Systems Engineer,Business Development
tburrow4k@slashdot.org,QUuCVxFY,University of Exeter,Executive Secretary,Marketing
hberryann4l@bing.com,fHigkTUV,Coe College,Software Test Engineer IV,Research and Development
toshields4m@desdev.cn,viq2bb6IrQt,University of South Carolina,Financial Analyst,Services
bsecrett4n@kickstarter.com,ieCnrXpRUtz,Felician College,Recruiter,Services
lcubbon4o@unc.edu,NxR3yhCb,Shumei University,Civil Engineer,Training
rwinkett4p@state.gov,P46zNU2JHflv,University College Cork,Programmer IV,Marketing
jperelli4q@chronoengine.com,nBIiOJ5ajRmu,St. Petersburg State Mountain Institut,Senior Cost Accountant,Marketing
cwymer4r@networksolutions.com,5yEbW9SC,Pukyong National University,Developer II,Research and Development
kdanbrook4s@sun.com,seHI8cKaN,Phranakhon Si Ayutthaya Rajabhat University,Librarian,Accounting
eakeherst4t@businessweek.com,5FSJNi,New York Institute of Technology,Project Manager,Research and Development
nportwain4u@netlog.com,lfdjAQ2Jr,Mount St. Clare College,Occupational Therapist,Business Development
etankus4v@artisteer.com,HOWGGmULeUb,University of North Bengal,General Manager,Engineering
nferrolli4w@behance.net,7UaUuIBWLy4d,"University of Wales, Aberystwyth",Help Desk Technician,Research and Development
amarran4x@clickbank.net,ZYb9On1Urjz,Institute for Command Engineers of The Ministry for Emergency Situations,Systems Administrator II,Legal
elowrey4y@alibaba.com,YZ48pyI1lA,"Troy University, Phenix City",Accounting Assistant IV,Services
wstuckow4z@e-recht24.de,ankmCdgwNC,Stephen F. Austin State University,Software Engineer II,Product Management
noshirine50@nytimes.com,tuLTjYQYAtow,Bloomfield College,Automation Specialist IV,Engineering
sbeeston51@mapy.cz,XDEErUqGYN,University of Hawaii - West Oahu,Statistician II,Human Resources
kquerrard52@hao123.com,B0suNikoH6qU,Bellarmine College,Librarian,Legal
ekaiser53@toplist.cz,3HDOUrEj,"Fachhochschule Schwäbisch Gmünd, Hochschule für Gestaltung",VP Sales,Marketing
cstanfield54@yahoo.co.jp,v00Q29lkI,Youngstown State University,Business Systems Development Analyst,Training
cbrattell55@weibo.com,8Aeo8dWBgr,Patna University,Quality Engineer,Business Development
dlaite56@miitbeian.gov.cn,KFVgzaapJPpP,Tomball College,GIS Technical Architect,Research and Development
lchadwen57@indiegogo.com,eLJ7TBOn,Universitas Merdeka Malang,Information Systems Manager,Human Resources
bgayler58@tumblr.com,4MQ0YE,Vilnius Gediminas Technical University,Legal Assistant,Services
chuke59@blog.com,5Y3NvTho,Phillips-Universität Marburg,Senior Developer,Services
rklausen5a@squarespace.com,pYj85qsqMIR,The Art Institute of Boston,Product Engineer,Research and Development
santusch5b@ustream.tv,n6lGUcSh1,Jagiellonian University Cracow,Actuary,Business Development
jmckintosh5c@usgs.gov,GPMfkep426V,University of Technology,Database Administrator III,Research and Development
ldalessandro5d@dion.ne.jp,Dxc6HZQ,Truman State University,Health Coach I,Human Resources
rastlett5e@intel.com,fpwjxYII0E,Mount St. Mary's College California,Graphic Designer,Legal
gsimao5f@auda.org.au,8PdSBOG,University College of Cape Breton,Senior Quality Engineer,Research and Development
jlyptratt5g@people.com.cn,ooTCZAHshCt,University of Glasgow,Safety Technician IV,Research and Development
aleisk5h@irs.gov,HBJ5zv,Winston-Salem State University,Programmer Analyst IV,Training
rkibby5i@gnu.org,nFxAFnO3o,Universitas Pattimura,Structural Engineer,Marketing
iolek5j@imgur.com,uaEW8LL,University of Jammu,Analog Circuit Design manager,Sales
fvial5k@disqus.com,ykJeCjqc6b,Tsurumi University,Accountant II,Legal
pchaunce5l@prnewswire.com,sPu4Ko,Spelman College,GIS Technical Architect,Research and Development
dfredson5m@wunderground.com,XFeWt7f3XPzg,Universidad de Antioquía,Environmental Specialist,Research and Development
bcostigan5n@dot.gov,7HLfi1,Ecole Normale Supérieure de Lyon,Accounting Assistant III,Sales
ealloisi5o@pen.io,UVjIdZQIn,Eastern Connecticut State University,Speech Pathologist,Engineering
mknowlys5p@ocn.ne.jp,ZVYFa4SJajQ,Universidade Estadual de Ponta Grossa,Assistant Manager,Accounting
tshuard5q@statcounter.com,slXSEHQ,University of Brescia,VP Product Management,Training
kcroyser5r@ed.gov,LUoEESL,Universidad Dr. Rafael Belloso Chacín,Programmer II,Services
dcheetam5s@github.io,Fd8zXYoe,Northrise University,VP Product Management,Research and Development
mlambdin5t@live.com,z6o4aM1Id3nE,Universidad Central del Este,Food Chemist,Sales
pyukhnev5u@booking.com,Vr54vwZEhk,Glendale University College of Law,Research Nurse,Research and Development
edoram5v@weibo.com,2b099g,Hochschule für Philosophie München,Research Assistant II,Sales
gthomasen5w@google.com.hk,qrsgYJG3G,Université de Chlef,Paralegal,Human Resources
atrevaskis5x@people.com.cn,MwCyS39,Hakuoh University,Social Worker,Accounting
wfolbigg5y@istockphoto.com,TVsW91,Technical University of Budapest,Senior Quality Engineer,Marketing
btole5z@desdev.cn,X9TTlM,Heritage College,Structural Analysis Engineer,Business Development
fjezard60@yandex.ru,gK6N31QgL,Agricultural University of Warsaw,Internal Auditor,Engineering
tdennert61@google.com.br,ZL9KOOK,Shanghai Normal University,Technical Writer,Engineering
gbrind62@yandex.ru,njKBxxNgT,Second University of Naples,Media Manager IV,Research and Development
eison63@google.nl,OhiJf3,Amman Arab University for Higher Studies,Junior Executive,Research and Development
bfishley64@china.com.cn,ROWkzQgHxz,Kangnung National University,Librarian,Human Resources
vknightley65@sohu.com,8l6OUQ,Southern Denmark Business School,Web Designer III,Legal
kwroughton66@eepurl.com,xGxRUsgI,Université Euro-Afrique,Analyst Programmer,Human Resources
jetheredge67@aboutads.info,UJpFl6R1n8,Harbin Normal University,Staff Scientist,Support
kmaclaren68@indiegogo.com,jCk0YzQr,Catholic University of Malawi,VP Marketing,Sales
pblunkett69@tumblr.com,Vy4Tdp02r8r,Lock Haven University of Pennsylvania,Quality Engineer,Marketing
htregunna6a@princeton.edu,BoGvFriH0,Universidad del Azuay,Environmental Specialist,Product Management
ihinkins6b@soup.io,YKq0Bo,Brewton-Parker College,Senior Editor,Support
bhassent6c@eepurl.com,EyWouuBlL,Istanbul Bilgi University,Administrative Officer,Marketing
sgullan6d@google.it,xiaBnqm,"Universidad Internacional SEK, Quito",Associate Professor,Engineering
jboone6e@businesswire.com,2F4AqQq,International University College of Nursing (IUCN),Nuclear Power Engineer,Research and Development
bslesser6f@goodreads.com,mCcowRHeAh,European University of Lefke,Assistant Manager,Support
cmacknight6g@reverbnation.com,2741SojyYV,Lahti Polytechnic,Financial Advisor,Support
mspinello6h@bandcamp.com,RHjzREds,Karachi Medical and Dental College,Physical Therapy Assistant,Sales
cshowen6i@ucla.edu,DyLtxUlK,Kentucky State University,Assistant Media Planner,Support
spacke6j@zdnet.com,2gz1IQY,University of South Carolina - Sumter,Administrative Assistant II,Legal
jbarthelet6k@narod.ru,CYHBXrWge,Palestine Polytechnic University,Programmer I,Business Development
oduchasteau6l@bigcartel.com,wH05O7zv,Universidad Intercontinental,Senior Cost Accountant,Sales
syakovl6m@hao123.com,kOTf5RQN,Multnomah Bible College,Health Coach I,Legal
clokier6n@rediff.com,UpWMRHe,Universidad del Bío-Bío,Quality Control Specialist,Support
adonovin6o@mlb.com,AqJG1z,Pädagogische Hochschule Weingarten,Design Engineer,Product Management
cnoot6p@networksolutions.com,QNBsAs0C4,Nanjing Union Theological Seminary,Media Manager II,Product Management
epieter6q@google.fr,Rm6wjNNB8PGF,Barton College,Senior Editor,Human Resources
cgilman6r@hud.gov,V3nXJKg,Universitas Khairun,Recruiter,Research and Development
jgalliard6s@ning.com,WtXEX7AoRO,Scholl College of Podiatric Medicine,Research Assistant IV,Legal
gshackel6t@time.com,aP9IYicip4,International Institute for Geo - Information Science and Earth Observation,Sales Representative,Sales
grangeley6u@zimbio.com,gDaQdJBMY,Southern Arkansas University,Senior Cost Accountant,Legal
hfinnis6v@webnode.com,WDBuDhxi,University of Benin,Clinical Specialist,Marketing
cdunnet6w@whitehouse.gov,W49ISr96,Jacksonville University,Financial Advisor,Marketing
bfarnie6x@sogou.com,SEDjoyi,"National American University, Colorado Springs",Librarian,Services
astockford6y@pinterest.com,aMdkrLm4GT,University of Connecticut at Stamford,Graphic Designer,Legal
thuckleby6z@mac.com,Aw0M9hHXgBG,Zhejiang University of Technology,Director of Sales,Legal
grodders70@jugem.jp,ORNPoW0,University of Lusaka,Business Systems Development Analyst,Product Management
pmanton71@mapquest.com,DqlE8cl,Universidade de Nova Iguaçu,Registered Nurse,Services
gdukes72@ask.com,UojF9SHNAJ5Z,National Institute of Industrial Engineering,Payment Adjustment Coordinator,Training
qbreissan73@senate.gov,HMoHoRb,Universidad Catolica de La Santísima Concepción,Environmental Specialist,Marketing
rrawcliff74@psu.edu,L7rRYxcU33l,Jai Prakash University,Software Test Engineer I,Business Development
swallbrook75@ustream.tv,R4qPWuLaho,Popakademie Baden-Württemberg,Actuary,Accounting
glemarquis76@tripadvisor.com,1BAbdU19jI,Hannan University,Social Worker,Support
jwellfare77@amazon.de,t4IuNDbpTH9,International People's College,Social Worker,Engineering
lweatherburn78@jiathis.com,FO3k5JTdFK5V,Université de Kinshasa,Assistant Media Planner,Human Resources
ddimitrijevic79@angelfire.com,eZkoMJbl5,Cankaya University,Accounting Assistant IV,Sales
ostaves7a@barnesandnoble.com,KkxlyMRs,Fachhochschule Lippe,Structural Engineer,Training
lwhorf7b@flavors.me,yzTz4r,Hampden-Sydney College,Assistant Media Planner,Engineering
kaspy7c@4shared.com,qRKBXCD,Savannah State University,Analyst Programmer,Business Development
ckuhlen7d@jiathis.com,UwnGSLv,South Carolina State University,Assistant Professor,Product Management
pbeesey7e@msn.com,SAZPHoD,Islamic University College,Editor,Sales
dburton7f@gmpg.org,VUJcJpOJXd,Cedarville College,Software Engineer III,Human Resources
gchaffe7g@home.pl,PcL8WW,Fundación Universitaria San Martín,Information Systems Manager,Services
bbark7h@bluehost.com,rHgTCrA,University of Pecs,Software Test Engineer IV,Business Development
ttarply7i@issuu.com,isMVHBB65,Pace University,Product Engineer,Business Development
alimmer7j@chronoengine.com,ttLLcHtgNJ2,Baki Business University,Recruiter,Training
fburth7k@friendfeed.com,lg35WqC,Loyola Marymount University,Programmer Analyst IV,Research and Development
pnorthage7l@gnu.org,kSldjNmtzb,St. Matthews University,Administrative Officer,Training
eadamovicz7m@mayoclinic.com,X1QVxyvBj,Kent State University - East Liverpool,Nurse,Legal
eprocter7n@cnn.com,eCHw9c,Milligan College,Quality Engineer,Training
ejotham7o@google.nl,h8sUnS3,Ecole des Hautes Etudes Commerciales,Technical Writer,Business Development
fwhye7p@cnn.com,WdnkHg0pof,Orenburg State University,VP Marketing,Accounting
ninnis7q@tumblr.com,zhJ2YHmVIM,Royal Veterinary and Agricultural University,Human Resources Manager,Sales
ljohananov7r@businessinsider.com,zHccrh19,Adamson University,Safety Technician III,Product Management
mgeillier7s@123-reg.co.uk,htOU1wIHZYwR,Jaramogi Oginga Odinga University of Science and Technology,Registered Nurse,Support
esowden7t@tripadvisor.com,uZaa5AmWxhWU,Ouachita Baptist University,Design Engineer,Legal
ahanigan7u@google.es,V7ak9X890,Johnson County Community College,Office Assistant III,Training
tandrzejczak7v@utexas.edu,KM5hERDd,Soongsil University,Community Outreach Specialist,Product Management
atruder7w@umich.edu,JjukGx,Universiti Darul Iman,Senior Editor,Support
cbabin7x@ning.com,YELcMdA3fbN,Cardinal Stritch University,Sales Associate,Accounting
eblyden7y@github.com,gYtWpzwTVr,Bayerische Julius-Maximilians-Universität Würzburg,Teacher,Engineering
alange7z@walmart.com,zc6Ol7ah,Murdoch University,Information Systems Manager,Engineering
aabbati80@cnn.com,v1gCLawgdl,University of Petrosani,Web Developer IV,Business Development
mkropp81@kickstarter.com,hyOM5ezfu,Universitas Krisnadwipayana,Human Resources Assistant IV,Research and Development
gghidelli82@mlb.com,4x0GtX,University of Lethbridge,Marketing Assistant,Services
tfielders83@upenn.edu,zrz7djp,Universidad Motolinía del Pedegral,Social Worker,Support
teeles84@uol.com.br,J0aGwA,Georgian Court College,Design Engineer,Accounting
rmundle85@hatena.ne.jp,cJfzZuJA,University of Science & Technology Bannu,Account Representative I,Business Development
gfernando86@skyrock.com,ivVyQzg,Indiana University - East,General Manager,Accounting
ahaycraft87@bing.com,IkiJqfzS,Hankyong National University,VP Accounting,Training
mbaldetti88@pagesperso-orange.fr,QRguLIolTwf,Mendeleev Russian University of Chemical Technology,Financial Analyst,Marketing
goldroyde89@exblog.jp,makhB54,Bamenda University of Science & Technology,Junior Executive,Marketing
mlafrentz8a@buzzfeed.com,FQfH1Gw,Le Moyne-Owen College,Food Chemist,Training
rsamworth8b@nasa.gov,kC2ZIq,Nanjing University of Posts and Telecommunications,Budget/Accounting Analyst III,Accounting
jdarnody8c@drupal.org,sC79nwAk2,Universidad Dominicana O&M,Structural Analysis Engineer,Sales
kcavil8d@latimes.com,9utyyf,Universidad de Valparaiso,Research Assistant II,Sales
isavary8e@marketwatch.com,cTFUyxex,Ohio Wesleyan University,Assistant Manager,Legal
kmelpuss8f@unc.edu,aK0M23D11X,Omsk State Pedagogical University,Paralegal,Human Resources
cmottram8g@home.pl,7XejNAvmG8,Institute of Business Administration (IBA),Environmental Tech,Marketing
qgrimster8h@studiopress.com,UrbnSyp2Lcc,Cihan University,Community Outreach Specialist,Engineering
kgosney8i@cbslocal.com,g5wrqDl5jvu,"Institute of Germanic Studies, University of London",Engineer IV,Human Resources
wsheavills8j@taobao.com,SIq9lUeL9asQ,Ecole Européen des Affaires,Administrative Assistant II,Sales
kbhatia8k@prnewswire.com,8wqIC5i9xlr6,Ecole Supérieure de Commerce de Pau,Quality Control Specialist,Accounting
flumsdall8l@naver.com,vsM0jI,St. Petersburg State Polytechnical University,Environmental Tech,Research and Development
sdranfield8m@dyndns.org,Ew9mNW27QF,"Institute of Teachers Education, Ilmu Khas",Geological Engineer,Sales
ajanik8n@ucoz.com,mdIMhbe,University Canada West,Project Manager,Accounting
esomerton8o@dagondesign.com,K5EX9Cc0Rd8q,Kampala International University,VP Marketing,Services
bfawlks8p@upenn.edu,npdWQeoK,Instituto Nacional de Matemática Pura e Aplicada - IMPA,Librarian,Engineering
camerici8q@hp.com,vMvwyv,Ecole Nationale Supérieure Electricité et Mécanique,Mechanical Systems Engineer,Sales
abutner8r@umich.edu,tKQEv93,Bowdoin College,Assistant Manager,Marketing
gfrany8s@moonfruit.com,Nb9pWkD0,"Fachhochschule Reutlingen, Hochschule für Technik und Wirtschaft",Speech Pathologist,Human Resources
fwyeld8t@sogou.com,8JktKJ,Baptist Bible College of Pennsylvania,Assistant Media Planner,Business Development
tglasscott8u@census.gov,IFsWeN2ma,Pathumthani University,Community Outreach Specialist,Research and Development
hgiovani8v@nsw.gov.au,YUbgxbz7Se1J,St Clements University - Higher Education School,Occupational Therapist,Training
ggallego8w@usnews.com,zEoN30MX,Universitas Islam Malang,Professor,Services
egarrigan8x@meetup.com,V2V1bOtwTIh9,Tokyo Medical College,Marketing Manager,Marketing
ogirodon8y@prnewswire.com,KBpaSI,Bryn Athyn College of the New Church,Software Engineer IV,Support
alebarree8z@godaddy.com,a2DBG34S,Fukui Prefectural University,Analog Circuit Design manager,Product Management
aglisane90@wikimedia.org,SV0mCf,"Schiller International University, Paris",Paralegal,Human Resources
bdesouza91@ebay.co.uk,6DW6hx5,Chonnam National University,Operator,Services
mruf92@disqus.com,nDyREzw,Internationales Hochschulinstitut Zittau,Developer II,Marketing
skleinplac93@hhs.gov,lwU4bS,Dravidian University,Operator,Business Development
usoff94@marketwatch.com,niiNmaSXe63,Universidad APEC,Chemical Engineer,Sales
kambrosini95@arizona.edu,F6vC5PGtI0j,Benue State University,Quality Engineer,Human Resources
mcoope96@weather.com,KacvxYymqo,Universidad Nacional de Luján,Project Manager,Sales
alowdyane97@dion.ne.jp,uIlDP5twV,Azusa Pacific University,Software Consultant,Research and Development
asidebotham98@ca.gov,NcSgBRMhfx,Universidad Privada de Santa Cruz de la Sierra,Sales Associate,Product Management
kboys99@sohu.com,hD1mN8ZhH,Fatih University,Food Chemist,Human Resources
ebratchell9a@myspace.com,ira1lqHt,Volgograd State University of Architecture and Civil Engineering (VolgGASU),Payment Adjustment Coordinator,Services
tgreenhead9b@etsy.com,ldYhKjveNKL,Sebha University,Automation Specialist IV,Sales
gchafney9c@vistaprint.com,PPGP4Ehq,Fachhochschulstudiengänge Steyr,Nuclear Power Engineer,Services
motierney9d@vk.com,Yoi1Jnf,Universidad Alberto Hurtado,Research Associate,Support
wgonning9e@fema.gov,yVNnMCTUkrof,Hanoi University of Science,Accounting Assistant I,Accounting
aveck9f@hugedomains.com,cFy1w7Mf,Instituto Politécnico de Beja,Financial Analyst,Engineering
lterney9g@ask.com,rEX21a,McMaster University,Database Administrator III,Accounting
aclubb9h@sitemeter.com,7okYwrcx8,Modern Sciences & Arts University,VP Accounting,Accounting
emanginot9i@boston.com,VhDuZu56,Universidad Autónoma de Querétaro,Chemical Engineer,Services
hbleesing9j@indiegogo.com,7edq1uB,Davis and Elkins College,Web Designer III,Marketing
rnaismith9k@arstechnica.com,zXddhV,University of Tennessee Space Institute,Project Manager,Engineering
dcrecy9l@princeton.edu,EjWc5cK2,Fukuoka Institute of Technology,Senior Sales Associate,Accounting
athewys9m@sphinn.com,r75esUu,Kuwait International Law School,Systems Administrator II,Support
elarwood9n@walmart.com,vldKEobT,Jigjiga University,Registered Nurse,Business Development
cbelcham9o@weibo.com,sh9X2iYPrp,Universidad Tecnológica Metropolitana,Speech Pathologist,Support
ktaylor9p@blog.com,Mgzmzs,National University of Ostroh Academy,Quality Control Specialist,Marketing
nramey9q@sphinn.com,GMrbLbmiDK59,Károl Gáspár University of the Reformed Church,Occupational Therapist,Sales
dchapelhow9r@wikia.com,7t8kmOsZYq,Ferrum College,Financial Advisor,Product Management
mdelleschi9s@delicious.com,NuZ99BT0,Royal University of Phnom Penh,Research Nurse,Human Resources
omaywood9t@goo.ne.jp,88h4vo5k,Dr. B.R. Ambedkar Open University,Software Consultant,Accounting
reglin9u@fc2.com,VPTu2G5PXapY,Al-Islah University,Budget/Accounting Analyst II,Research and Development
sasken9v@booking.com,PNrGZT3Vf,Christian-Albrechts-Universität Kiel,Accountant II,Marketing
ccarbonell9w@wordpress.org,V1hbNUE45o6,Ecole Nationale Supérieure de Physique de Grenoble,Budget/Accounting Analyst IV,Engineering
smealing9x@com.com,RqSAZEZ,Instituto Piaget,Mechanical Systems Engineer,Training
lpeter9y@msn.com,b8XI7sGrMfqZ,Université Jean Monnet,Speech Pathologist,Services
pglover9z@example.com,LVmY4xhY6ku,Izmir Economic University,GIS Technical Architect,Sales
dbrookshawa0@webeden.co.uk,i6cq5bB,Dokkyo University,VP Sales,Legal
pfyalla1@1688.com,36dJrE1LmsjA,Gemological Institute of America,Computer Systems Analyst I,Product Management
mmcneaa2@gizmodo.com,RrmmAUEe18X,Chinju National University,Social Worker,Research and Development
gticehursta3@cafepress.com,lYWgCgfvOy,Université de Savoie,Social Worker,Business Development
mbillingtona4@biblegateway.com,js6eOC3,Western University,Research Assistant IV,Sales
amcgillacoella5@bbb.org,2JJ382AEK36z,Mongolian State University of Arts and Culture,Paralegal,Accounting
cpetroulisa6@sakura.ne.jp,eNIYyGn,Chung Shan Medical and Dental College,VP Marketing,Marketing
wpreddya7@spiegel.de,DKBTAU,Chuo University,Financial Advisor,Services
jingolottia8@google.com.hk,qHkAFED,Kabul Health Sciences Institute,Senior Quality Engineer,Services
pfitta9@engadget.com,ruKSJwHFPz,Nagasaki Prefectural University,Financial Advisor,Engineering
apaddickaa@oracle.com,Xlx3fKEtZb,Universiteit Doesburg (UNDO),Web Designer II,Business Development
dsoppittab@yahoo.com,5P9nlZYYOVT,University of Lusaka,Software Engineer III,Legal
alafontac@blogspot.com,dlZCIO,Technological University (Myitkyina) ,Quality Control Specialist,Engineering
averyanad@com.com,hnveYR,Université de Technologie de Compiègne,Paralegal,Business Development
mkohrsae@xing.com,6N2ecW3L6XQZ,Baze University Abuja,Sales Associate,Training
gbridsonaf@ovh.net,9wFT7qBNuvFL,School of the Visual Arts,Nurse,Accounting
asudworthag@163.com,anoYQX68rTR,Universidad Católica Cecilio Acosta,Librarian,Human Resources
flufkinah@dmoz.org,1IaIwx,Ecole Nationale Supérieure des Industries Textiles de Mulhouse,Librarian,Product Management
llorandai@printfriendly.com,3OIBgFw7B5,Edinboro University of Pennsylvania,Legal Assistant,Training
njoulesaj@moonfruit.com,Fex4LT,Zabol University,Marketing Assistant,Support
gduffieldak@csmonitor.com,FqWesLw,Asian Medical Institute,Environmental Specialist,Research and Development
amarkovaal@photobucket.com,1nq99Xz1mnH,Hebron University,Senior Editor,Business Development
toliphandam@lulu.com,nou9H9kHXN,Godfrey Okoye University,Senior Developer,Marketing
wsibillean@discuz.net,DkYdcqi,Finnmark University College,Structural Analysis Engineer,Product Management
tmaltao@mac.com,yVG6bmdGrB1H,Pusan University of Foreign Studies,Computer Systems Analyst IV,Research and Development
fmccrackanap@columbia.edu,X9O6Lw8Kbd,Pontifica Università Gregoriana,Human Resources Assistant I,Accounting
cyoulesaq@plala.or.jp,mOcdRb,Universidad Catolica de Valparaiso,Human Resources Manager,Training
dcranneyar@irs.gov,VlDS0p,Qinghai Radio & Television University,Registered Nurse,Human Resources
mburgottas@abc.net.au,0pTnJgB7X,Universidad Tecnológica de México,Account Executive,Product Management
amoralisat@sina.com.cn,Hw6RIZuo,Solusi University,Librarian,Accounting
pkrogerau@networkadvertising.org,fIZIb7m,Hamadan University of Medical Sciences,Automation Specialist IV,Product Management
uclareyav@behance.net,MZD5xvQ22q4,Northwestern Oklahoma State University,Biostatistician IV,Training
drobardleyaw@t.co,CBvwSD3nC,Azzahra University,Accountant IV,Engineering
eyvensax@amazon.com,NgEc5BY,University of Molise,Research Associate,Human Resources
jweaversay@cpanel.net,k4Oe2zYvGi,Rikkyo University (St. Paul's University),Chief Design Engineer,Legal
vadamoviczaz@dagondesign.com,jGbgrh95j,Chinese Culture University,Community Outreach Specialist,Training
hdukesburyb0@hud.gov,K7S61fs4DZUX,Aomori University of Health and Welfare,Quality Engineer,Support
jwhiteleyb1@taobao.com,x3rG9JEpVhAn,Sabanci University,Editor,Accounting
jspreyb2@xinhuanet.com,0FNPPePR,Pace University,Business Systems Development Analyst,Sales
cchasmarb3@wsj.com,2H31OgdvhQXg,Institute of Social Studies,Recruiting Manager,Human Resources
rtewkesberrieb4@topsy.com,zDhUVqJ,Mulungushi University,Speech Pathologist,Product Management
mlearoydeb5@com.com,qMugwjwx7O4,Tohwa University,Automation Specialist I,Support
bjanasb6@edublogs.org,9rlwE72hQzWi,Université de Batna,Assistant Professor,Accounting
cblincowb7@adobe.com,gA4xV9,State University of New York Maritime College,Programmer III,Support
vbadamb8@va.gov,zYMCIhKI,University of Western Sydney,Structural Analysis Engineer,Human Resources
lpabelikb9@blinklist.com,2xwR2d,Deen Dayal Upadhyay Gorakhpur University,VP Quality Control,Legal
abrooktonba@usa.gov,Yu5iMCEcpZV,Tokyo Woman's Christian University,Civil Engineer,Human Resources
gferraracciobb@cpanel.net,8pe1wa0dx,Moscow State University of Railway Transport,Legal Assistant,Support
dcoventrybc@tmall.com,HvgW4wB466Qq,"Academy of Economics ""Dimitur A. Tscenov""",Safety Technician II,Business Development
bharewoodbd@nytimes.com,T5i9wT5OFE,Yerevan State University,Civil Engineer,Sales
csantibe@tinyurl.com,nnp7Iany,Tokyo Women's College of Physical Education,Analog Circuit Design manager,Marketing
aosbornbf@bbc.co.uk,VeBrYH,Belarussian State Polytechnical Academy,Software Engineer III,Product Management
veastopbg@chronoengine.com,mMi3oqkaJaYU,Missouri Western State College,Research Nurse,Services
lrookesbh@time.com,PhGfR0Db5w,Azerbaijan University,Biostatistician II,Human Resources
atenderbi@mapquest.com,V9yYqf,Sumy State University,Senior Developer,Legal
ogecksbj@google.cn,dgYuNINiQB,Roskilde University,Quality Engineer,Legal
imacclintonbk@spiegel.de,MhyevrsE,"Rajasthan Agricultural University, Bikaner",Pharmacist,Human Resources
aolunnybl@redcross.org,AvMGH0wrUdGZ,Universidad Latina de Panamá,Software Test Engineer IV,Legal
tdudleybm@ftc.gov,MzNhKRMq58Z,Universidad Politécnica de El Salvador,Assistant Manager,Human Resources
cbremeyerbn@state.tx.us,obJEie,Yamaguchi Prefectural University,Research Nurse,Business Development
ldorwoodbo@zdnet.com,MJhCIEJ6m,University of West Los Angeles,Senior Quality Engineer,Training
cgairbp@acquirethisname.com,lwJNsaIrQa3W,DeSales University,Structural Engineer,Services
acolbrunbq@who.int,aRRMZqZ8lV,Iwaki Meisei University,Director of Sales,Sales
gwetherbybr@dropbox.com,PbRKTd1,Indiana University (System),Developer IV,Business Development
markellbs@cbsnews.com,6zgqK2,Central Saint Martins College of Art & Design,Product Engineer,Engineering
pblaberbt@admin.ch,rZA9i29vd9T,Primier International University Perak,Technical Writer,Research and Development
gcausonbu@toplist.cz,SUMHvo,"Indian Institute of Technology, Kanpur",Sales Representative,Legal
khirthbv@freewebs.com,XncBN7c,Politeknik Negeri Pontianak,Financial Analyst,Engineering
tmamwellbw@quantcast.com,sxa7RnwR3oL,Universidad de la Cuenca del Plata,Structural Analysis Engineer,Product Management
ystarmerbx@alexa.com,FyInptr,Moscow State University,Data Coordiator,Sales
wbloisby@php.net,XdnAIQQa,University of Fort Hare,Database Administrator IV,Support
lmourguebz@flavors.me,LFYhUM,Semera University,VP Product Management,Marketing
tbadgerc0@github.com,RIMptswp,Baltimore Hebrew University,Software Test Engineer II,Sales
nflintoffec1@tripadvisor.com,iw6VmjM31NKN,Truman State University,Electrical Engineer,Legal
chiggonetc2@arizona.edu,E9Qjf8B0kvJQ,Universidade Católica de Pelotas,Health Coach IV,Support
eblackbournc3@newsvine.com,4eo7itgd,Yelets State University,Executive Secretary,Services
kiacovoloc4@sphinn.com,wqC2P6,Chengdu University of Technology,Editor,Business Development
adaddac5@sogou.com,GknnKj7S,Jazan University,Research Associate,Services
cwerrilowc6@typepad.com,zfUQlq,Eichi University,Compensation Analyst,Engineering
anannininic7@sfgate.com,CB7xFyr,University of Texas Pan American,Senior Quality Engineer,Marketing
sharraginc8@ca.gov,jkhcz9,University of the South Pacific,Graphic Designer,Business Development
kjutsonc9@home.pl,SSkC77z,Ecole Supérieure de Commerce de Pau,Health Coach III,Research and Development
gkilmurryca@qq.com,h68wdo,Sudan University for Science and Technology,Occupational Therapist,Marketing
bcapellecb@ask.com,iWkrztcNau,Universidad Autónoma de Santo Domingo,VP Accounting,Support
lswainecc@telegraph.co.uk,LKyxf2zmwJF,Tashkent State Agrarian University,Recruiter,Business Development
jsimmgencd@tamu.edu,eWSuTow,Universidad de San Carlos de Guatemala,Mechanical Systems Engineer,Engineering
khemphallce@cargocollective.com,Iz0kEF6Y3RU,St. Joseph Group of Institutes,Financial Analyst,Business Development
ecoltancf@hc360.com,ETxsaZiG,South Dakota State University,VP Accounting,Training
ereynishcg@myspace.com,7BpTi5WWZQ,"St. Francis College, Fort Wayne",Health Coach III,Human Resources
roliviach@seattletimes.com,6MJQpF,Volyn National University Lesja Ukrainka,Software Test Engineer III,Marketing
tmaccrackenci@paypal.com,xpC5rjJw,University of Arkansas for Medical Sciences,Help Desk Operator,Sales
kgurneecj@reference.com,0CRHdKzpGBJ,Edison Community College,Librarian,Marketing
jduthyck@mail.ru,wjWGE4gG7P,Nippon Sport Science University,VP Marketing,Support
kcranagecl@slashdot.org,ZxbTmw3G,"École Polytechnique de Montréal, Université de Montréal",Environmental Tech,Training
cbuchanancm@tmall.com,ns7GP99SQc0T,Emerson College,Computer Systems Analyst IV,Sales
awasmercn@devhub.com,0IPSTqieChRX,Nanjing University of Traditional Chinese Medicine,Cost Accountant,Accounting
blethbyco@reddit.com,P5iqs0G,Mogilev State University A.A. Kuleshov,Senior Financial Analyst,Engineering
acroosecp@patch.com,dm41dkD,4th Military Medical University,Financial Analyst,Accounting
rpearseycq@cnet.com,awUS8hiy5u,Université de Béjaia,Database Administrator IV,Marketing
eshegogcr@networksolutions.com,5Jg0cD,Ecole Nationale Supérieure d'Ingénieurs de Génie Chimique,VP Marketing,Sales
mlivingscs@arizona.edu,DntVhz,Philosophisch-Theologische Hochschule Sankt Georgen,Senior Quality Engineer,Support
vferrelict@fda.gov,MNpUveYNF,Tokyo University of Mercantile Marine,Media Manager III,Marketing
amooreycu@so-net.ne.jp,8Vg0EsuW,Fachhochschule Potsdam,Statistician IV,Legal
aindgscv@lycos.com,RmBs8pVhquua,Copperbelt University,Data Coordiator,Training
fwheadoncw@rakuten.co.jp,bXNTIxU,"University of New England, Westbrook College Campus",Desktop Support Technician,Services
rkleinschmidtcx@trellian.com,fVnxVl6,Ecole Universitaire d'Ingénieurs de Lille,Senior Sales Associate,Sales
kheadingcy@trellian.com,d47IPFLnH,"Moscow State University of Economics, Statistics and Informatics",VP Quality Control,Engineering
jbensteadcz@clickbank.net,Dm3rnx0N0,Catholic University of the Sacred Heart,VP Product Management,Human Resources
fbowartd0@economist.com,2Xsu5Q8Hm,University of North Carolina at Pembroke,Help Desk Operator,Training
srayltond1@google.com,D3pFCUjm9Vid,National Pingtung Teachers College,Speech Pathologist,Human Resources
atrewhellad2@tripod.com,1pGNP1eg,Atatürk University,Statistician I,Human Resources
klinehamd3@nydailynews.com,Y88brA5bNc,Damietta University,Analyst Programmer,Legal
bborzonid4@blogspot.com,O03O0M,Ajou University,Dental Hygienist,Human Resources
atewd5@timesonline.co.uk,U7WjD5t79,Laurentian University of Sudbury,Senior Financial Analyst,Sales
awinterbottomd6@cdc.gov,p7QKll5IXQOv,Universiteit Antwerpen,Legal Assistant,Support
anelesd7@nsw.gov.au,OHCzt3vf7jO,"Fachhochschule Westküste, Hochschule für Wirtschaft und Technik",Senior Quality Engineer,Product Management
lhuegettd8@eventbrite.com,zVXyupq9fo,Malone College,Teacher,Research and Development
lsikorad9@unc.edu,lxh9FnZeykW,University Oil- Gas Ploiesti,Programmer Analyst IV,Support
ldulsonda@delicious.com,egktH3,Institute of Paper Science and Technology,Automation Specialist I,Sales
bdecarlodb@360.cn,BD3hjvW,Fuzhou University,Senior Cost Accountant,Support
aubsdelldc@wordpress.org,KOAKjSE,Ecole Nationale du Génie de l'Eau et de l'Environnement de Strasbourg,Recruiting Manager,Sales
hmanniondd@soundcloud.com,QQR66eLE,Florida Southern College,Accountant I,Support
lcamockede@list-manage.com,Zp0rBO,Universidad Regional del Sureste,Legal Assistant,Research and Development
ccoleirodf@washington.edu,aiiJJK,Siberian State University of Telecommunications and Informatics,Food Chemist,Support
rfieldhousedg@newsvine.com,5MTo8K9,National Aviation Academy,Accountant III,Research and Development
lmalickidh@free.fr,X0ssn4HspKx,Hokkaido Tokai University,Account Coordinator,Sales
jbindendi@symantec.com,plHMZQpZC,"Universidad Interamericana de Puerto Rico, San Germán",Physical Therapy Assistant,Sales
lconforddj@aboutads.info,ueotLUk,Cornish College of the Arts,Civil Engineer,Research and Development
wmurrigandk@biblegateway.com,5yAQCx,Conway School of Landscape Design,Mechanical Systems Engineer,Product Management
lschirokdl@wikipedia.org,d46m0iPlq,Universidad Nacional de General Sarmiento,Associate Professor,Product Management
fcastellidm@cargocollective.com,b5Thb9bCqY,Hampton College,Chief Design Engineer,Engineering
sstoggelldn@economist.com,r4rbNug3PjGf,John Marshall Law School,Director of Sales,Support
croofdo@123-reg.co.uk,sdNu2e4TH,Universidad Rey Juan Carlos,Programmer Analyst II,Engineering
tcromblehomedp@salon.com,hfcmjPc9,Istituto Universitario di Studi Superiori,Human Resources Manager,Support
gmccoshdq@geocities.jp,87XatIY,Ecole Supérieure de Chimie Organique et Minérale,Technical Writer,Support
ssolesdr@mac.com,Xx20CV,Kendall College of Art and Design,Database Administrator II,Training
asorrods@taobao.com,N2ey5qT9,Massachusetts College of Pharmacy and Allied Health Sciences,Automation Specialist III,Services
ghacundt@reddit.com,GulsRT8p45,Open University of Tanzania,Administrative Officer,Business Development
dwolteringdu@amazon.com,C5leT3Tybd1,American University in Bulgaria,VP Product Management,Human Resources
lvedenichevdv@dailymail.co.uk,B1lQC1,Ghana Institute of Management and Public Administration (GIMPA),VP Product Management,Product Management
bebunoluwadw@comcast.net,YqLZxG,Nizhny Novgorod State Academy of Medicine,Account Executive,Services
ncutchiedx@yelp.com,Yh9tnFq1d,Amravati University,Quality Control Specialist,Sales
airnisdy@parallels.com,sosOjx52wcwN,Bryn Athyn College of the New Church,Registered Nurse,Research and Development
ryeldhamdz@epa.gov,s9HoK0mGrnR,Zhengda Software College,Systems Administrator II,Training
ljirucae0@naver.com,giLL8FNW,Kursk State Medical University,Marketing Manager,Research and Development
twinkse1@freewebs.com,DBx9yx4QoeKo,Aarhus School of Business,VP Accounting,Business Development
efraniese2@photobucket.com,k4B2Fqtsv,University for Humanistics (UH),Paralegal,Legal
efookese3@economist.com,UOm5B01kNog,Central Queensland University,VP Sales,Services
hwilsheree4@photobucket.com,pTvC7LB0oxL,"Birkbeck College, University of London",Technical Writer,Business Development
bclayborne5@chron.com,dnk1YxRr,Advance Tertiary College,General Manager,Legal
msteerse6@tripadvisor.com,n74ktfclZx,"Hidayatullah National Law University, Raipur",Graphic Designer,Product Management
jlemerchante7@msn.com,5t4Tz1fmX,Faculdades Integradas do Brasil - UNIBRASIL,Compensation Analyst,Engineering
drendalle8@upenn.edu,d543Ei,"Federal University of Technology, Akure",Pharmacist,Support
sjaggare9@nytimes.com,4IrGq6kYM,Technikum Wien,Physical Therapy Assistant,Human Resources
tmilsteadea@weather.com,PiJTe0,Akita University,Help Desk Technician,Services
mvanhestereneb@admin.ch,4y39G3n,Urbana University,Recruiting Manager,Engineering
scastiblancoec@hud.gov,niz62Q,China Medical University Shenyang,Social Worker,Product Management
gbarcaed@technorati.com,2Lc9VHxbpYgo,University of Aquila,Speech Pathologist,Marketing
apotteee@webeden.co.uk,UuVRgLNfHCm,"Universitatea de Vest ""Vasile Goldi&#351;"" ",Internal Auditor,Business Development
nsametef@msu.edu,GYELsc9AyM,Emeq Yizrael College,Associate Professor,Support
hbrellineg@newsvine.com,dP2YNZ,Aljouf University,Staff Accountant I,Services
kmacgraitheh@hc360.com,DGXHnNn,Kuban State University,Sales Representative,Marketing
ditscovitzei@npr.org,4wSIx68CAwV,Modern University For Technology and Information,Occupational Therapist,Accounting
slecointeej@woothemes.com,GaBQp8,University of Applied Sciences of Moldova,Staff Scientist,Engineering
bavraamek@dailymotion.com,11tFiCY,Hanshin University,Community Outreach Specialist,Accounting
abenoixel@un.org,aFbQXDhOO,Universidad Tecnológica Equinoccial,Nurse,Support
gtouhigem@apache.org,AqBquzuc5af,Karelian State Pedagogical University,Financial Advisor,Research and Development
rsynnotten@friendfeed.com,kgLaJF94Y,Himachal Pradesh Agricultural University,Desktop Support Technician,Business Development
rkolakowskieo@bbb.org,Rl8Rnv,Deakin University,Engineer III,Engineering
aridgwellep@cloudflare.com,5KgZd6,Kurgan International University,VP Quality Control,Training
bgorrieseq@google.com.au,Ay0kWP,Oklahoma State University - Tulsa,Tax Accountant,Product Management
gdiamonder@booking.com,GDFwTQAr,Community College of Denver,Dental Hygienist,Sales
cleynaghes@ebay.co.uk,rlWd6fE2kVhU,Ecole Nationale Supérieure des Mines de Nancy,Occupational Therapist,Engineering
alisteret@google.it,nBeLzOB0K,National Agricultural University,Account Executive,Engineering
gbarthelmeeu@pinterest.com,hkpIv4n,Tashkent State Agrarian University,VP Marketing,Business Development
khubbuckeev@bloglines.com,ESuBCbTGHz,Pusan National University of Education,Chief Design Engineer,Support
lmacaulayew@economist.com,8lqWWcVv,Grove City College,Senior Editor,Legal
kchomickiex@ustream.tv,b8Xc7h,Eureka College,Account Representative IV,Human Resources
asmitheramey@booking.com,1CXCpNfbi,Medical Academy in Gdansk,Internal Auditor,Business Development
aaspinwallez@unblog.fr,5DGBdy8RO,Universidad Iberoamericana,Analyst Programmer,Sales
jdurdyf0@disqus.com,zmH8DQewx,"Synergy University, Dubai Campus",Electrical Engineer,Research and Development
rgerransf1@scribd.com,MdxyF34WLpCU,Albany Law School,Registered Nurse,Legal
hmcgeffenf2@omniture.com,sbrOofd,"Fachhochschule und Berufskollegs NTA, Prof.Dr. Grübler gemein. GmbH",Recruiting Manager,Training
mklimczakf3@cnbc.com,UXG2L0JibQM,Poltava University of Consumer Cooperatives in Ukraine,Dental Hygienist,Services
ctivnanf4@vistaprint.com,Jpw199uJO,University of Greenwich,Business Systems Development Analyst,Services
erodearf5@youku.com,DLNkJm,Westminster International University in Tashkent,Staff Scientist,Accounting
cbackshillf6@posterous.com,PqYXzzUxYmr,Universidade do Sul de Santa Catarina,VP Sales,Sales
hcourtesf7@issuu.com,Dtmoygjje1,Baku Slavic University,Account Representative III,Support
dautinf8@prweb.com,6zjFI9VCqzVh,German Jordanian University,Chief Design Engineer,Training
tprattef9@google.fr,fIhsBl9OI69,Gemological Institute of America,Administrative Assistant II,Business Development
bgallandrefa@dailymail.co.uk,ctjr8B,Setsunan University,VP Sales,Sales
twilloughwayfb@goo.gl,KFQm5Rn5g,Vongchavalitkul University,Geological Engineer,Human Resources
kduchasteaufc@ihg.com,7D7D7sd,Kobe Design University,Staff Scientist,Support
enelthroppfd@hibu.com,ubnNLA,Cyprus International University,Legal Assistant,Human Resources
elochranfe@salon.com,c4sZRWOfRDs,Universidad Santiago de Cali,Nuclear Power Engineer,Engineering
bharbertff@hp.com,nIZDTc9aXL3u,Medical University Varna,Chief Design Engineer,Human Resources
gmuldowniefg@amazon.co.uk,JtxmobD,Siberian State Medical University,Software Test Engineer III,Sales
kmoyfh@sourceforge.net,h4F0mqOPpfjY,Janos Selye University,Media Manager IV,Training
cbolwellfi@amazon.co.uk,NdObQiuaq7s,Tokai Gakuen University,Operator,Sales
pfassumfj@nymag.com,fRmyV2NZcTu,Humphreys College,Analyst Programmer,Engineering
aroartyfk@tumblr.com,XVv4df,St. Petersburg Repin State Academic Institute of Painting Sculpture and Achitecture,Senior Developer,Training
sdorrancefl@xrea.com,sQFbLyTsxV,"Management Development Institute of Singapore, Tashkent",Account Executive,Marketing
gkrollfm@facebook.com,aMaY8PBq,Universidad de Santiago de Chile,Senior Quality Engineer,Business Development
sschoenfischfn@amazon.de,BpIXOhUcK,Fachhochschulstudiengänge Hagenberg,Software Consultant,Product Management
bsalvidgefo@ocn.ne.jp,kdYMkHXnBh2j,Appalachian State University,Account Executive,Research and Development
hroccofp@jigsy.com,IyZf9y5,Korea National Open University,Sales Associate,Services
jhertwellfq@cdc.gov,aGqfQBSt,Universität Bayreuth,Sales Associate,Sales
cbratcherfr@flavors.me,R64hL6sYunlD,Emeishan Buddhist College,VP Accounting,Sales
gwarinfs@gnu.org,PcsmuU,LungHwa University of Science and Technology,Structural Engineer,Research and Development
mmacpaikft@usnews.com,Fi5v817i,Trinity International University,Senior Cost Accountant,Sales
cpimlockfu@pagesperso-orange.fr,I6FmaSw9Jd,Les Roches Gruyère University of Applied Sciences,Sales Associate,Legal
drubinfeldfv@yale.edu,aXKna0YwszZG,Ryukoku University,Account Representative III,Training
jofinanfw@youtu.be,Z4er16A8R,Semnan University,Structural Engineer,Business Development
nquarlisfx@seesaa.net,SHoEDwZz7n,University Lucian Blaga of Sibiu,Developer I,Support
fayarsfy@slashdot.org,jROUjzJ0e,Jerash Private University,Staff Scientist,Human Resources
mrumboldfz@diigo.com,nMFPr8CK35q,Universidad de Magallanes,Developer IV,Engineering
dhallattg0@ucsd.edu,c0DUSJYcjTW2,"Universidad Internacional de Andalucía, Sede La Rábida",Desktop Support Technician,Accounting
dpegdeng1@bbb.org,0MOKBDieJO7,Tbilisi Teaching University,Actuary,Accounting
bschusterg2@cafepress.com,NFLyhAq,"National Academy for Theatre and Film Arts ""Krustju Sarafov""",Business Systems Development Analyst,Accounting
ccheeneyg3@devhub.com,nIDRbHZM,Ho Chi Minh City University of Architecture,Software Engineer II,Services
mbottleg4@mac.com,QGVF7c,Qingdao University of Science and Technology,Payment Adjustment Coordinator,Product Management
ipattissong5@hc360.com,GFl57LUcE1PX,Universitas Muhammadiyah Mataram,VP Quality Control,Support
sdomenichellig6@mapquest.com,WPLv4o1iDB,Nigerian Turkish Nile University,Senior Cost Accountant,Legal
fmcorkillg7@usgs.gov,s77s1py5K,Universidad Nacional de Formosa,Help Desk Operator,Sales
fbarcroftg8@mozilla.org,ffqTF3ao,Oklahoma City University,VP Product Management,Training
hshaxbyg9@yahoo.co.jp,ND79yJV,University of South Carolina - Beaufort,Design Engineer,Services
tloreyga@360.cn,0nP96SX,Universidad Santo Tomás,Senior Editor,Sales
rshutlergb@redcross.org,1JBcTE8y0,Université des Sciences Humaines (Strasbourg II),Paralegal,Accounting
mmatokhningc@prlog.org,NH6egj,Universidad de Jaén,Operator,Support
smurtygd@oakley.com,rm8uQVziENE1,Prince of Songkla University,Health Coach IV,Support
drussige@cafepress.com,UqNy9UD,Kansai University of Social Welfare,Speech Pathologist,Support
ccucinottagf@sbwire.com,tAtO8O,Universidad de La Rioja,Senior Developer,Sales
mkemmeygg@i2i.jp,MbDWCW,North Central College,Registered Nurse,Training
nharcegh@addtoany.com,Kaeki7WY,Suwon University,Software Consultant,Research and Development
rodamsgi@nyu.edu,ZOHnXGgPd5,Université Ibn Zohr Agadir,Analyst Programmer,Product Management
mparrygj@nbcnews.com,x3qcCmClN,Ecole Spéciale de Mécanique et d'Electricité,Human Resources Manager,Product Management
oginnergk@bbc.co.uk,IGqmGd,Southern Alberta Institute of Technology,Sales Associate,Sales
yioriogl@github.io,q9w8mOWfJ,"Sikkim Manipal University of Health, Medical and Technological Sciences",Research Assistant I,Legal
mjeffersgm@nba.com,08aX37Ak,Skidmore College,Recruiting Manager,Sales
apavlukgn@yahoo.co.jp,EzPTVbcAV,University of New England,Sales Associate,Training
tmeighgo@bing.com,BComXjPZwtjT,University of Montenegro,Account Representative II,Engineering
snovichenkogp@pen.io,a4BSQ5WvFW1r,Universidad Cientifica Latinoamericana de Hidalgo,Junior Executive,Legal
ldenerleygq@scribd.com,lGfhBy,Belarussian State Agrarian Technical University,Statistician IV,Business Development
sgrasergr@yellowpages.com,Y0tYTDmq,Altai State University,Director of Sales,Business Development
rpawfootgs@foxnews.com,Z57Uek8WDQc,Wisconsin School of Professional Psychology,Financial Advisor,Sales
dbielefeldgt@answers.com,5pE5G5xVW,Universidad Católica de Santiago del Estero,Executive Secretary,Training
atissimangu@deviantart.com,gBWQcijp,"Universidad Centroamericana ""José Simeón Canas""",Health Coach IV,Engineering
tmothersolegv@slashdot.org,L5crDGx,Cheljabinsk State Institute of Teacher Training,Biostatistician II,Training
drichardongw@miitbeian.gov.cn,fGYcMy,Wilson College,Help Desk Operator,Research and Development
rcastanagagx@nsw.gov.au,1bvTNPsx1hT,Ibrahim Babangida University,Sales Associate,Accounting
gmattesgy@creativecommons.org,7U3Ku7WBMxKO,Université d'Auvergne (Clermont-Ferrand I),Tax Accountant,Engineering
ademanuelegz@census.gov,pO7B8RI7RP,International College,Budget/Accounting Analyst II,Sales
callitth0@google.co.jp,E7LScdBv4tG,Chapman University,Occupational Therapist,Human Resources
dboyketth1@harvard.edu,B38kFrrFZ8,Susquehanna University,Quality Engineer,Support
eforganh2@live.com,IyuOhy9,University of the Ryukyus,Senior Sales Associate,Engineering
ndrackfordh3@tiny.cc,aMbNyGxQoFQ,University of Toledo,Sales Associate,Research and Development
habendrothh4@arizona.edu,cZgOXRc8,Nanjing University of Economics,Executive Secretary,Product Management
ginsullh5@google.pl,vsjrAJnuLhYF,Fujian Medical University,Account Executive,Marketing
rheimannh6@com.com,wKDQsy,KDU College Sdn Bhd,Electrical Engineer,Product Management
aknewstubh7@list-manage.com,IdIcaPHK,University College of Gävle,Senior Developer,Training
jgoodliffh8@posterous.com,CVFS7cAI7b8,Arkansas Tech University,Assistant Media Planner,Human Resources
lketleyh9@gnu.org,DQb9pBoVW,Hochschule für Technik und Wirtschaft Karlsruhe,Registered Nurse,Legal
moddaha@ning.com,rVJPznoD,University of Texas Health Science Center at San Antonio,Software Consultant,Accounting
ajanousekhb@mac.com,N9TVlRSx,Khabarovsk State Academy of Economics and Law,Speech Pathologist,Marketing
ablitzerhc@cyberchimps.com,pJDDo4SsooZ3,Abu Dhabi University,Desktop Support Technician,Training
acolebeckhd@wikispaces.com,SCFsnyMT,Bashkir State Agrarian University,Occupational Therapist,Accounting
dhaskinshe@goodreads.com,iFlJu4a,Institute of Public Administration,Food Chemist,Support
wcupperhf@webmd.com,TUQGYo6,European Management School,Product Engineer,Business Development
sstrotonehg@live.com,qqcYhMmA,North Carolina Central University,GIS Technical Architect,Human Resources
kdeignanhh@sciencedaily.com,wrfaRa,Universidad APEC,Analyst Programmer,Engineering
lslaighthi@google.es,9l6lFlLSK1qt,University of Andorra,Project Manager,Business Development
tcameratihj@scribd.com,V1hBlFPre,Ferghana Politechnical Institute,Media Manager II,Human Resources
dborthwickhk@smugmug.com,hHsd5aUD,"Skyline University College, Sharjah",Biostatistician II,Accounting
whubbockshl@miitbeian.gov.cn,p93UAfqunai,Universidade Vale do Paraiba,Database Administrator II,Sales
ilemeriehm@aol.com,b9wPaG1IK6kx,Novosibirsk State Agricultural University,Developer II,Services
roharneyhn@amazon.co.uk,KHMRa9kuY,Cross River University of Science and Technology,Mechanical Systems Engineer,Business Development
estefiho@netscape.com,L9sF9LsgzxTJ,Georgian Technical University,Marketing Manager,Business Development
wloudianehp@desdev.cn,12Xb3wwV2su,American-European School of Management ,Software Test Engineer I,Accounting
ksiddeleyhq@t-online.de,LKbNRDuIK,Mount Marty College,Environmental Tech,Support
smattiuzzihr@nymag.com,v2thGj,Amravati University,Analyst Programmer,Legal
gbeckhousehs@edublogs.org,DZ4XgX5,TPM College,Recruiting Manager,Training
sminnockht@scientificamerican.com,ZyLGtsTwiJ,Universitas Kristen Indonesia,Systems Administrator II,Services
mroycrafthu@rakuten.co.jp,gwedkiymQ,Iasar University,Registered Nurse,Services
beptonhv@cbc.ca,c4MWaltv,New York Institute of Technology,GIS Technical Architect,Services
iablitthw@shutterfly.com,SS5IWNC,Yashawantrao Chavan Maharashtra Open University,Web Developer I,Research and Development
ewithamshx@domainmarket.com,t6qVka,Athens Laboratory of Business Administration (ALBA),VP Sales,Support
tduberryhy@usgs.gov,6QKkR420TS,Jiangsu University of Science and Technology,Structural Analysis Engineer,Human Resources
dgarvinhz@ebay.co.uk,QZDhYfFEWYg5,Evangel University,VP Sales,Support
emaclardiei0@youtu.be,ednbJK0vwRr1,Wilmington College,Automation Specialist I,Sales
habsoni1@furl.net,ZAJ0HEW,Chuka University,Clinical Specialist,Engineering
jswaytoni2@elpais.com,GS24eVVx8f3,Kangnung National University,Accounting Assistant IV,Sales
abinesi3@stumbleupon.com,AtVVwbR,Shoreline Community College,Paralegal,Marketing
nabramini4@hatena.ne.jp,nz0bLYj1d7D,Mount Olive College,Assistant Professor,Product Management
corgeni5@addtoany.com,m9cNUs82,Universiti Teknologi Mara,Recruiting Manager,Sales
cmacduffiei6@ebay.co.uk,cbnNwN5ror,National University,Research Nurse,Training
tleprevosti7@google.nl,T55PfeZxs2e,Brac University,Recruiting Manager,Training
jcardnelli8@mit.edu,JvhQvLkq,Providence University,Paralegal,Business Development
qcalberti9@ycombinator.com,bRF4jM,Universidad Libre de Colombia,Professor,Research and Development
ckowalskiia@state.tx.us,2DvGao8CuEo,Hamline University,Marketing Assistant,Marketing
ljollib@harvard.edu,x0lerwmpEaAR,Dublin City University,Account Coordinator,Human Resources
mmoulsteric@istockphoto.com,uoxqqOiUe,Universidade Federal de Pelotas,Assistant Manager,Product Management
jhansedid@wired.com,lka930qp2,Sichuan International Studies University,Quality Control Specialist,Services
tquartleyie@nba.com,ztqdiCiFpa0,Aichi Sangyo University,VP Accounting,Marketing
fjugginsif@dailymotion.com,XtHC6EybwfOM,"Free University Institute ""Carlo Cattaneo""",Accounting Assistant IV,Engineering
hjordiig@usnews.com,S935aF,Tokyo Keizai University,VP Accounting,Support
gboullenih@purevolume.com,4qYKgfcgv0D,Technological University (Lashio),Office Assistant I,Product Management
ddowseyii@senate.gov,4vyrX2hdQjt,Institución Universitaria Iberoamericana,Compensation Analyst,Support
tdawidij@ask.com,TxnbmOMtO,Pusan National University of Education,Assistant Manager,Research and Development
mslorachik@artisteer.com,dSJhdvj,University of Commerce Luigi Bocconi,Media Manager IV,Accounting
ksharpeil@sciencedaily.com,9OzpSGTGt3,University of Saint Joseph,Recruiter,Product Management
jhuscroftim@github.io,8O1bNCMm,Randolph-Macon College,Software Consultant,Product Management
mmacarthurin@elegantthemes.com,vH11iy5,University of Seychelles - American Institute of Medicine,Registered Nurse,Marketing
kgallichanio@i2i.jp,woy06cV,Northrise University,General Manager,Support
iroofeip@mayoclinic.com,3amROc0m,University of Waterloo,Payment Adjustment Coordinator,Accounting
sbastableiq@so-net.ne.jp,vFma9WC2,Southwest Missouri State University - West Plains,Payment Adjustment Coordinator,Product Management
lkoppsir@reuters.com,QMVHCsRs7,Universiti Malaysia Sabah,Structural Engineer,Engineering
bgrishkovis@vk.com,uYRMm8Nl9,University of the Philippines Manila,Account Representative I,Legal
rflemmingit@spotify.com,xZyXim,University of LaVerne in Athens,Assistant Manager,Legal
btappiu@desdev.cn,fkgM9m6XrOkl,Vilnius University,Statistician II,Support
lrivallantiv@buzzfeed.com,T5NAXG3U,Chonju National University of Education,Payment Adjustment Coordinator,Human Resources
aboldingiw@dell.com,ge8XiHpT,Universidade Católica de Pernambuco,VP Sales,Services
mmallonix@home.pl,9yjFOGFh,International University of Business Agriculture and Technology,Physical Therapy Assistant,Human Resources
kblagbroughiy@uiuc.edu,hkMEagMud,The College of The Bahamas,Actuary,Human Resources
agoltoniz@mysql.com,AR5CUx,Universidad Valle del Grijalva,Payment Adjustment Coordinator,Human Resources
lzisnerosj0@ox.ac.uk,5Y6cdrz9OO4,Miyagi Gakuin Women's College,Quality Engineer,Human Resources
rmildenhallj1@globo.com,8LLSnLSCmLwn,University of Wisconsin - Parkside,Research Associate,Training
dsandyj2@163.com,loHVYkthjcax,Orenburg State University,Dental Hygienist,Research and Development
lbuddingj3@amazon.com,RrhWIRt8,Mindanao State University - Iligan Institute of Technology,Research Associate,Marketing
uwainscotj4@unesco.org,8YEwobFxh,Shepherd College,Statistician II,Legal
laspj5@cdbaby.com,9MzQyy,Hanseo University,Chief Design Engineer,Marketing
bpedycanj6@hp.com,En0C5IUttJUk,Dowling College,Electrical Engineer,Support
lgoulderj7@pagesperso-orange.fr,9EnOkoK48uyv,University of Applied Sciences Basel (FHBB ),Librarian,Accounting
mstanlockj8@blogspot.com,x5pquLP,St. Joseph's College New York,Cost Accountant,Product Management
bwinridgej9@nydailynews.com,nnywvWkzA2,Pontificia Universidade Católica do Paraná,Cost Accountant,Marketing
syezafovichja@fema.gov,m0Xd5dIMH8o0,Universidad San Sebastian,Professor,Marketing
acroslandjb@soundcloud.com,JLmS5BxCmmB,Golestan University of Medical Sciences,Product Engineer,Engineering
hmcbainjc@aboutads.info,cCgGL4UUcx,Kuzbass State Technical University,Occupational Therapist,Accounting
tdeavenelljd@ca.gov,6of5XS,University of Geneva,Developer III,Research and Development
emountfortje@wikipedia.org,t67MzRJY,Universidad de Sevilla,Sales Associate,Business Development
vtackettjf@drupal.org,HWxv6GTq,University of Basrah,VP Sales,Accounting
tminchinjg@friendfeed.com,qr8n5rLOW5g,"Universidad Centroamericana ""José Simeón Canas""",Sales Associate,Product Management
lkleinsteinjh@forbes.com,AcPM9R,State University of Aerospace Technologies,Financial Analyst,Business Development
espringateji@ycombinator.com,pkIbXijA,Bradley University,Analyst Programmer,Accounting
fdrueljj@surveymonkey.com,Sxz8zsvVpS,Université de Ziguinchor,Assistant Manager,Business Development
wwarbyjk@pcworld.com,u5MCNUqkmHc0,Universidad Nacional de Piura,Account Coordinator,Human Resources
nkirkpatrickjl@ihg.com,ovtYk4,International Sakharov Environmental University,Teacher,Research and Development
aphoenixjm@ebay.com,8vCrI8B,University of Richmond,VP Product Management,Accounting
gdonisojn@eepurl.com,Y3if7ETgg,"Synergy University, Dubai Campus",Executive Secretary,Engineering
chardsjo@uiuc.edu,VzPjUW,University of South Carolina - Lancaster,Safety Technician III,Services
cdavidescujp@webs.com,xG8qHt5h,Universidad San Martin de Porres,Community Outreach Specialist,Product Management
broysejq@ed.gov,TAmYz4nn4,Durham College,Administrative Officer,Training
rdenisetjr@cisco.com,O8MVcnwdWO,Universidad Central de Venezuela,Web Developer II,Engineering
bondrasekjs@wordpress.org,6d9qSB3ZxE,Norwegian College of Veterinary Medicine,Senior Developer,Business Development
mbailjt@phoca.cz,9rlgstSiac9,Universidad del Sagrado Corazon,Occupational Therapist,Accounting
ballainju@alibaba.com,t3Tt7D1,Illinois Wesleyan University,Legal Assistant,Sales
dewartjv@vistaprint.com,Kdq8MF,Chiba Institute of Technology,Senior Editor,Marketing
btrattonjw@wunderground.com,QRuiE06uC,Centro Universitario Ixtlahuaca,Geological Engineer,Training
afleischerjx@webmd.com,LPj8Mb,University of Wisconsin - Platteville,Actuary,Research and Development
rchestertonjy@constantcontact.com,hsJ4LF4vW5B,Pillsbury Baptist Bible College,Compensation Analyst,Sales
lpaumierjz@mayoclinic.com,GI32jaK3,University of West Florida,Speech Pathologist,Marketing
tmcallank0@engadget.com,fUlYLkcuXy,Fontys University of Applied Sciences,VP Product Management,Business Development
gsilvermank1@washingtonpost.com,ViDdxsFI,Ohio University - Lancaster,Research Nurse,Training
gdawidk2@uiuc.edu,EkzX7eFb7j,Université Protestante au Congo,Health Coach I,Training
ddinzeyk3@ebay.co.uk,QlyEGiJ5,Fachhochschule des Mittelstandes (FHM),Operator,Accounting
abeedellk4@feedburner.com,Tk8PTh,Wonkwang University,Sales Representative,Accounting
adanshink5@deliciousdays.com,NruusXFeBHIR,Napier University,Financial Advisor,Legal
lgilardik6@multiply.com,3pSt1QKgJF,Taganrog State Pedagogical Institute,Senior Sales Associate,Accounting
ktatemk7@angelfire.com,JsyNMge,Institute of Industrial Electronics Engineering,Administrative Officer,Human Resources
jeavesk8@woothemes.com,TgiTwfz,"Fachhochschule Trier, Hochschule für Technik, Wirtschaft und Gestaltung",VP Product Management,Support
hinglesk9@dmoz.org,LKlqpJf196oW,The Corcoran College of Art,Sales Associate,Legal
pmcgorleyka@discovery.com,7Wk0HHbTzh8,Universidad Bolivariana,Compensation Analyst,Services
rberzonskb@ucsd.edu,xYNxSG28Jzz,Haramaya University,Administrative Assistant II,Research and Development
jnewtonkc@apple.com,EbvDlDWw298,Universidad Externado de Colombia,Technical Writer,Research and Development
rtannerkd@vk.com,gkBUurS,National Research University of Electronic Technology,Sales Associate,Marketing
ftiddyke@answers.com,rFyiN6dUX,Universidade Castelo Branco,Automation Specialist I,Sales
ugiddonskf@edublogs.org,oy3G05cj8R,Staszic Pila College,Analyst Programmer,Sales
ffirpikg@slate.com,sSlPDcqS,Shaheed Zulifkar Ali Bhutto Institute of Science and Technology,Structural Analysis Engineer,Training
ctwizellkh@mac.com,eP2xhZvH3l1,Universidad de las Regiones Autónomas de la Costa Caribe Nicaragüense,Human Resources Assistant IV,Human Resources
bgardinerki@pagesperso-orange.fr,cn5RrV8uklgY,Faculdade Jaguariúna,Geologist IV,Accounting
nharmonkj@lycos.com,QXenPB,Detroit College of Business - Warren,Recruiting Manager,Legal
gellershawkk@google.de,k9nMhdJ,Aichi Gakusen University,Senior Sales Associate,Marketing
mvasyutkinkl@globo.com,RiTh5cvwI6,Pontifcia Università Urbaniana,Community Outreach Specialist,Legal
magneykm@facebook.com,ukGds5qnf,"University of Occupational and Environmental Health, Japan",Compensation Analyst,Marketing
adiviskn@gmpg.org,QxGSwGaILtcV,Fachhochschule Hannover,Payment Adjustment Coordinator,Accounting
lervinko@usatoday.com,LLzPJ2v,Universidade Vale do Paraiba,Budget/Accounting Analyst II,Legal
bstarrskp@a8.net,bU8q3Q,Monterey Institute of International Studies,Assistant Manager,Accounting
jcurmankq@alibaba.com,GieJLD,Gubkin Russian State University of Oil and Gas,Budget/Accounting Analyst IV,Training
acorkkr@dailymail.co.uk,Ddyz5a,International School of Business Management,Professor,Support
avalentelliks@xinhuanet.com,lFcax7,Universidade Braz Cubas,Systems Administrator I,Sales
slacasakt@elegantthemes.com,XHhDvV,Universidad Piloto de Colombia,Biostatistician II,Sales
tscourfieldku@google.com.hk,qwHwsB,Tohoku Bunka Gakuen University,Help Desk Technician,Marketing
adunkskv@nps.gov,jQGUJ0JG,"Davenport College of Business, Kalamazoo",Technical Writer,Human Resources
cclapisonkw@imdb.com,FQpoyS6,Universitas Kediri,General Manager,Human Resources
shigbinkx@altervista.org,vhBDvPhWv,Fachhochschule Niederrhein,Recruiter,Marketing
cbattanyky@biglobe.ne.jp,vpGEhehTH,University of Shiga Prefecture,Assistant Manager,Research and Development
ojarleykz@ifeng.com,RqiDppx,Universidade Estadual do Norte Fluminense,VP Marketing,Services
lbrundilll0@businesswire.com,tcypRg,Universidade Aberta Lisboa,Civil Engineer,Engineering
bbarrowcloughl1@reddit.com,95yzoTkb,Universitas Jenderal Achmad Yani,Systems Administrator II,Sales
csillimanl2@msu.edu,Ydoql47Bk,Fuzhou University,Librarian,Support
gsperel3@odnoklassniki.ru,5c4MVpcp,Illinois Wesleyan University,Business Systems Development Analyst,Support
lgleavel4@com.com,c4nC8W,Universidade do Oeste Paulista,Environmental Tech,Engineering
kmillerl5@zdnet.com,xS2fjIel,Kansai Medical University,Account Representative II,Training
dtrewhittl6@weather.com,aBEyph3,Tianjin Normal University,Structural Engineer,Training
kellinsl7@hostgator.com,WCUoT8szoy,Gorgan University of Agricultural Sciences and Natural Resources,Internal Auditor,Accounting
mrobelinl8@altervista.org,CSFSaYphyC,Dickinson College,Software Engineer I,Training
dfulgerl9@webeden.co.uk,52C2PA,Wesley College Mississippi,Developer IV,Support
hmunkleyla@nyu.edu,SqxZHSFFIen,Universidad Braulio Carrillo,Professor,Human Resources
fasplenlb@sakura.ne.jp,DDsGXcJW,Universidade Estácio de Sá,Recruiter,Product Management
gcollisterlc@ask.com,j6M00bYt,Fundación Universitaria Luis Amigó,Analog Circuit Design manager,Product Management
ahawgoodld@geocities.jp,z7n1snwcO7Kp,Universidad Nacional de Tumbes,Nurse Practicioner,Engineering
aelsople@eventbrite.com,pVzgvJL0wp,Indiana University-Purdue University at Fort Wayne,Tax Accountant,Marketing
rdupreylf@icq.com,qbKPmCxyIw,Weizmann Institute of Science,Database Administrator IV,Research and Development
lgribbinlg@pen.io,6LutGj,Darul Quran Islamic College University,Senior Quality Engineer,Accounting
lhouseagolh@pagesperso-orange.fr,yzLeQ7ewwt,Dunya Institute of Higher Education,Account Executive,Support
rtailourli@washingtonpost.com,Di2Qn7,Universidad Nacional de San Martín,Systems Administrator III,Accounting
janninglj@bizjournals.com,UmQSTTT,"St. Petersburg State University of Information Technologies, Mechanics and Optics",Structural Analysis Engineer,Services
gbickerlk@ifeng.com,RJ5KPnYf1h,Chittagong University of Engineering and Technology,Software Test Engineer I,Product Management
bbieverll@ca.gov,9Myi0rTQI,Pace University,Chief Design Engineer,Services
iklosalm@dailymotion.com,UMm4YM,University of Hargeisa,Nurse,Engineering
cshieldsln@hibu.com,OfWsJ4H8,Kuzbass State Technical University,Food Chemist,Research and Development
achastelainlo@de.vu,AlNJuRikv,Guizhou University,Structural Analysis Engineer,Legal
mmaccaguelp@bluehost.com,S2ZqL2lpI,Universidad de Oriente,VP Accounting,Business Development
tparamanlq@princeton.edu,2NmG4buCV,Persian Gulf University,Structural Analysis Engineer,Marketing
lbisonlr@ucsd.edu,XWNejgxB4,Western Connecticut State University,Programmer I,Accounting
sbyls@imgur.com,NMvlMD,American University of Beirut,General Manager,Marketing
dshrimplinlt@etsy.com,mzoFJuJ4t,Punjab Technical University,VP Product Management,Research and Development
ferrichiellolu@163.com,EY0yl8,Huaqiao University Quanzhuo,Account Executive,Business Development
islydelv@linkedin.com,bTzSnD,Universitas Jenderal Soedirman,VP Product Management,Accounting
slindeboomlw@usnews.com,anzd1irxm0K,Vietnam National University of Agriculture,Financial Analyst,Marketing
smunceylx@wordpress.org,QvPjxErdx,"Institute of Teachers Education, Perlis",Financial Advisor,Research and Development
ggillanily@newyorker.com,ew5Zo54x,Higher School o Business/National Louis University(WSB/NLU) in Nowy Sacz,Marketing Manager,Support
aaldgatelz@fema.gov,vGuq8sjCYf,Suleyman Demirel University,Administrative Officer,Services
fjacobsonm0@google.co.uk,SImfVfpk,Academy of Arts,Registered Nurse,Human Resources
mreveningm1@wp.com,KfaoL4,Technical University of Lublin,Account Coordinator,Engineering
agouthm2@time.com,zjCet8egXzo,Bilkent University,Civil Engineer,Accounting
ddysertm3@rambler.ru,7JLnO3C0,Barkatullah University,Registered Nurse,Human Resources
bcobsonm4@geocities.com,TFumSYRB4R2O,Baker College of Owosso,Technical Writer,Engineering
lwardallm5@aol.com,slrtygbS9bk,"Universidad de Puerto Rico, Aguadilla",Community Outreach Specialist,Engineering
amiqueletm6@answers.com,Z3OmHZtEu1t4,Universidad Autónoma de Tamaulipas,Software Test Engineer II,Marketing
hhalliwellm7@godaddy.com,8Suzx1DAbRy,Polytechnic University of Tirane,General Manager,Product Management
fslossm8@samsung.com,NCbCc1vwti,Sumy National Agrarian University,Analyst Programmer,Marketing
imaytumm9@businessweek.com,1fyxelcfGJCX,Keller Graduate School of Management,Senior Cost Accountant,Sales
slivardma@networksolutions.com,6vQiQbm,Escuela Politécnica del Ejercito,Teacher,Engineering
lcaselickmb@fastcompany.com,sYCu9aE0Tr0T,Tokushima University,Office Assistant I,Product Management
aschwandmc@globo.com,t8y8XNP9,Nagoya Gakuin University,Nurse Practicioner,Research and Development
bfallowesmd@macromedia.com,JfgO3xy7mOks,Federal University of Petroleum Resources,VP Sales,Accounting
ledgerleyme@flavors.me,3I7CxOPvSv6,Badakhshan University,Graphic Designer,Business Development
psigsworthmf@blogs.com,NqVgHRzS,Islamia University of Bahawalpur,Operator,Support
kwailesmg@goo.gl,2d4DmTcdQf7,University of Calcutta,Tax Accountant,Training
hbischofmh@opera.com,IYHL5QuVhvF,Universiteit Antwerpen,Nurse,Services
pdunphymi@thetimes.co.uk,bXntil2,Nanzan University,Software Test Engineer IV,Accounting
grichardmj@hud.gov,RuOzIaH1PPj,New York Chiropractic College,Marketing Assistant,Support
bmitchammk@icq.com,1bjb1xvbQqG,National Theatre Conservatory,Project Manager,Training
tpellamontml@yellowbook.com,SuvcxFV78,"University of California, Merced",Data Coordiator,Business Development
jvoiseymm@google.com.br,Qu4ndXdM,National Taiwan College of Arts,Desktop Support Technician,Product Management
dtebbothmn@craigslist.org,UBFsZioHLhD,Kobe University of Mercantile Marine,Health Coach III,Services
swalteringmo@weebly.com,CXU8n4F0OoJ3,United States Sports Academy,Quality Control Specialist,Sales
slovellmp@addthis.com,8TOeV4nB4w,Instituto Superior de Gestão - ISG,Automation Specialist III,Services
omacmoyermq@indiegogo.com,dwH1EBiGvRzm,Meiji University,Nurse Practicioner,Sales
tscrannymr@nasa.gov,zTgjauwUJskY,University of New York in Prague,Web Developer II,Sales
tdmitrichenkoms@imdb.com,yfNqcU,Minnesota Bible College,Environmental Tech,Services
lloudermt@sciencedirect.com,NODlQ4xYqFlj,Institute of Information Technology,Chemical Engineer,Business Development
scuppleditchmu@si.edu,NJzrGwB,Lawrence Technological University,Information Systems Manager,Accounting
enassaumv@craigslist.org,17FpHOreQK,Royal College of Art,Business Systems Development Analyst,Services
tpatriamw@ebay.co.uk,HRLeXhQN5K,National University of Kiev-Mohyla Academy,Associate Professor,Sales
atomasinimx@wufoo.com,Q90eVj7,Harran University,Geologist II,Business Development
kcaldecotmy@technorati.com,RCJevb5SD,University of Baghdad,Structural Engineer,Services
mwalklingmz@surveymonkey.com,NCzQn9xY0v,Polytechnical University of Kabul,Recruiter,Services
abarnbyn0@mac.com,LuBzCQk1kH,Detroit College of Business - Warren,Business Systems Development Analyst,Sales
pcoardn1@nymag.com,py58b9Ks,Universidade Federal de Viçosa,Account Executive,Research and Development
bkitchingmann2@geocities.com,cEOwQWSiCZKi,University of Ilorin,Geological Engineer,Accounting
peastwelln3@photobucket.com,VhIqvMx7,East-Siberian State University,Engineer III,Marketing
mrochn4@nature.com,QyXWbYART,Vaal University of Technology,Biostatistician I,Business Development
gesslementn5@com.com,v5tDmfTunOM7,Allahabad University,Editor,Engineering
gcutrissn6@de.vu,xPnUG4,Adygeja State University,Automation Specialist II,Sales
cbremondn7@mac.com,gFGCRaN,Universidad Técnica de Machala,Compensation Analyst,Research and Development
djamsonn8@digg.com,X6AR9uK,Kyushu Kyoritsu University,Financial Analyst,Services
ishepleyn9@amazon.co.uk,YYZK2tl,Barat College,Cost Accountant,Research and Development
fdifranceshcina@hud.gov,rcqD3EzC,Sylhet Engineering College,Geologist I,Product Management
rbeecraftnb@booking.com,SLWZ0ULB7Gh,Mount St. Clare College,Biostatistician II,Product Management
tsollittnc@cpanel.net,z86lPvU,Wakayama University,Project Manager,Support
sharkessnd@youtu.be,Lawpi3C0PfH,Kyoto Gakuen University,Human Resources Manager,Marketing
ptarrantne@wsj.com,1yhbUz,Christendom College,Environmental Specialist,Sales
dtathernf@nature.com,rDojL6Di,International University in Germany,Financial Analyst,Product Management
mcostelowng@sciencedirect.com,Nnad6RiB,"Islamic Azad University, Tehran South",Senior Quality Engineer,Support
gdavinetnh@kickstarter.com,cGqgIGqR31T,Falmouth University,Financial Analyst,Product Management
cbroschekni@paypal.com,qf0gtgccO,American World University,Accountant II,Accounting
rpicktonnj@google.pl,Ua631fQ9clC,Huachiew Chalermprakiet University,Speech Pathologist,Training
rnardink@joomla.org,VRz0rb,Universitas HKBP Nommensen,Community Outreach Specialist,Marketing
emassenhovenl@businessweek.com,iAjfXgno,Coker College,Payment Adjustment Coordinator,Training
apoltonenm@washington.edu,C6gQahn9FWLA,Universidad Popular del Cesar,Budget/Accounting Analyst IV,Support
hminshawnn@squidoo.com,jxtef6,University Goce Delcev,Sales Representative,Training
tsanneyno@cbslocal.com,H7WoX20hiy,Novosibirsk State Academy of Economics and Mangement,Automation Specialist I,Human Resources
uorvisnp@slate.com,SznzzMqW,Ecole Nationale Supérieure de Chimie de Montpellier,Programmer III,Marketing
jcristeanq@examiner.com,NPGCYEAX4Pl,Aga Khan University,Clinical Specialist,Business Development
aawmacknr@va.gov,5v3hwZSdRu,University of Hydraulic Electric Engineering,Financial Advisor,Marketing
bscranens@mac.com,hbedpe7h,"Pedagogical State University ""Ion Creanga""",Sales Representative,Engineering
ggaishsonnt@pbs.org,kwdOn70K8yy,University of Dubrovnik,Environmental Specialist,Marketing
ymunceynu@mapy.cz,Vd7Cl21QFx,Alhosn University,Geological Engineer,Support
clattinnv@is.gd,EyFjeBjoBcz,American InterContinental University - Ft. Lauderdale,Research Assistant I,Training
bliebrechtnw@hatena.ne.jp,nKgJ7rL3C,Ecole Nationale Supérieure de Physique de Strasbourg,Chief Design Engineer,Accounting
cciubutaronx@sogou.com,eL47zlb1spH,University of Nevada - Reno,Programmer Analyst III,Research and Development
lwalasikny@yellowbook.com,jaSMceFq1s,Waseda University,Senior Cost Accountant,Support
aravenshawnz@imdb.com,HRZhF7S,Nayanova University,Budget/Accounting Analyst III,Engineering
tcamerono0@live.com,3j0XyUhsI7t,King's University College,Financial Analyst,Human Resources
mfackrello1@google.fr,3HWRkrbX,"University of California, Irvine",Payment Adjustment Coordinator,Research and Development
acrowleyo2@cnet.com,wOqnA7Hp5n,Ryszard Lazarski University of Commerce and Law in Warsaw,Senior Developer,Marketing
ksafello3@vinaora.com,TcTWJiOg8gmb,University College of Kristianstad,Quality Engineer,Training
ujouhano4@economist.com,CBKUG9hP,Universidad Nacional Abierta,Assistant Manager,Sales
nbautisteo5@skype.com,HbLT4Djv,Puget Sound Christian College,Assistant Media Planner,Accounting
mgerlacko6@ovh.net,FAQ2gltrd,Technological University (Hinthada),Environmental Specialist,Legal
gknewstubo7@reddit.com,hIcCeF5HIcf,North Bengal University,Environmental Tech,Sales
jslatoro8@cyberchimps.com,jIFoRkTrN9,Ramkhamhaeng University,Sales Representative,Marketing
scattelliono9@loc.gov,F5VFeiZ,Malekan Payame Nour University,Mechanical Systems Engineer,Product Management
ispooroa@bizjournals.com,iHxBSPId,Our Lady of the Lake University,Legal Assistant,Research and Development
kbavinob@loc.gov,FlN7oxVc,Cogswell Polytechnical College,Recruiting Manager,Training
kjakubskioc@biblegateway.com,Unr573HJFx38,Madonna University,Quality Control Specialist,Sales
ktingleyod@soup.io,Vk23aTxScGNY,Universidad José Maria Vargas,Teacher,Support
ethompstoneoe@twitter.com,OiiqPmaIKnLe,The Catholic University of America,Information Systems Manager,Training
jplaitof@hugedomains.com,XuBK8ELpG5t,Elmira College,Senior Quality Engineer,Legal
wwadmanog@dedecms.com,ZHQpcyf,People's University of Bangladesh,Technical Writer,Marketing
wkaseroh@topsy.com,UmqAduXXr,University of Northern Philippines,Librarian,Services
rklineoi@tripod.com,Ojqs0CAPWO,Bashkir State Pedagogical University named After M. Akmullah,Editor,Services
jtemlettoj@trellian.com,F4XxcdP8SH,Institute of Space Technology,General Manager,Accounting
epollyok@cornell.edu,Q3kz2Q68L8,Saint Louis College,Cost Accountant,Human Resources
bceciol@nifty.com,iY5USZCerfSX,Universidad Privada del Valle,Biostatistician III,Marketing
wdagnallom@salon.com,IsaWgWLV,TaTung University ,Biostatistician IV,Product Management
gmaddiganon@cdc.gov,UzuMAQ11X,Universidad Abierta Interamericana,Sales Associate,Support
scorstanoo@buzzfeed.com,fekKhWBkoF,Hochschule Magdeburg-Stendal (FH),Research Associate,Product Management
cjancikop@newyorker.com,ZMyvEPOOS,Shah Abdul Latif University Khairpur,Compensation Analyst,Support
jlarmouroq@oakley.com,dum3ebYS,Universidad Nacional de General Sarmiento,Accountant I,Sales
msandalor@geocities.com,dLBtE2HiDsYf,Sierra Nevada College,VP Marketing,Product Management
alowderos@goo.gl,Vw00TPPYZ,University College of Borås,Software Engineer III,Accounting
fdenverot@mac.com,drvnVm1wST,"Fachhochschule Heilbronn, Hochschule für Technik und Wirtschaft",Clinical Specialist,Accounting
jculterou@spiegel.de,WaSwTims9,Universidad Central del Valle del Cauca,Nurse,Research and Development
ocoathov@columbia.edu,fIrCkgVwxAQ4,Iwaki Meisei University,Administrative Officer,Engineering
cbrazeltonow@auda.org.au,b9LhTtlVd,Lutherische Theologische Hochschule Oberursel,VP Sales,Business Development
pmariyushkinox@nifty.com,qmEa9g5,Universidad Catolica de Azogues,Environmental Tech,Business Development
mquerneloy@reference.com,WJZjCHFh,University of Leicester,Automation Specialist III,Training
hgumeyoz@gnu.org,nuVYObn,Cevro Institut College,Paralegal,Human Resources
mmatterisp0@tinypic.com,2b6Z1XLKUm,Oduduwa University,Structural Analysis Engineer,Services
jlearmountp1@independent.co.uk,L9Syle,Universidade Gama Filho,Product Engineer,Human Resources
ncaughtp2@gov.uk,SuUyMBi5J,Academy of Fine Arts,Senior Cost Accountant,Services
mfitzalanp3@cnbc.com,MgAMmC,Université d'Abomey-Calavi (UAC),Assistant Media Planner,Business Development
gozannep4@about.me,JHVJzU,Hebei University of Technology,VP Sales,Training
jtremblettp5@dyndns.org,viyYcTv0tPL,Tabriz Islamic Art University,Operator,Support
lswalwelp6@amazon.co.jp,bL4x0Wn,North West Frontier Province Agricultural University,Payment Adjustment Coordinator,Business Development
cbigriggp7@webnode.com,lKhFFa,Hebei Academy of Fine Art,Human Resources Manager,Product Management
rpilchp8@arizona.edu,RUQRrI,Hankyong National University,Senior Quality Engineer,Product Management
rnewbandp9@businessweek.com,HXOiqrOFH,Rajitlal Institute of Technology & Health Sciences (RITHS),Help Desk Operator,Research and Development
ccoggeshallpa@plala.or.jp,Ah1cIVo9,Marian College,Automation Specialist I,Legal
frandpb@livejournal.com,g900Vl6u,Hardin-Simmons University,Assistant Media Planner,Human Resources
ilaprepc@biblegateway.com,TSU8qWP2P,Mercyhurst College,Research Nurse,Sales
kdelucepd@163.com,1edP43q,Universidad Sergio Arboleda,Social Worker,Human Resources
vrobertspe@ebay.co.uk,tYAxiY,Biju Pattnaik University of Technology,Compensation Analyst,Human Resources
svaunepf@tinypic.com,u2jFXn,Universidad de Granma,Assistant Media Planner,Engineering
dholdepg@china.com.cn,ZlXXvEUTICr,St. Mary's University of Minnesota,Chief Design Engineer,Human Resources
tgarfootph@nps.gov,wzF9kWp,Mountain State University,Civil Engineer,Engineering
aairdriepi@hp.com,Iise6Np3L0E,Kandahar University,Analyst Programmer,Human Resources
ghertwellpj@joomla.org,LPlccj,Technische Universität Berlin,Actuary,Engineering
jpeschetpk@soundcloud.com,uMiAatWS,Central Mindanao University,Physical Therapy Assistant,Sales
esarrapl@archive.org,vYwpVbINAdXh,Mount Sinai School of Medicine,Environmental Tech,Human Resources
gwybrowpm@miibeian.gov.cn,GawldBE,"University of Maine, Farmington",Dental Hygienist,Support
rsomerliepn@rambler.ru,uc0pTIYZl,Fred Hutchinson Cancer Research Center,Programmer I,Accounting
adandopo@livejournal.com,0MiCfVRp6pD,Alfred Nobel University of Economics and Law ,GIS Technical Architect,Human Resources
jridwoodpp@bloglines.com,wyDYZD1Li,Chengdu University of Traditional Chinese Medicine,Senior Cost Accountant,Support
dlillicrappq@surveymonkey.com,eXQA92MhChFD,Les Roches International School of Hotel Management,Nurse,Support
obiesingerpr@hao123.com,2jr5WMcvWKS,Beijing Normal University,General Manager,Support
vtytps@discuz.net,crIVhybowTv,Concordia University,Quality Engineer,Sales
vkistingpt@topsy.com,WkgWuzwuJJ0,Shahrood University of Medical Sciences,Food Chemist,Support
pogroganepu@example.com,FTyjDXuF6,Pontificio Istituto Orientale,Environmental Tech,Training
rperviewpv@gov.uk,DxI1jgSz5uv,Bashkir State Medical University,Occupational Therapist,Legal
nweaverpw@sitemeter.com,Er4u9ag,National College of Naturopathic Medicine,Payment Adjustment Coordinator,Legal
nmahonypx@wikispaces.com,k13wXdXAJ4v4,University of Nebraska - Omaha,Actuary,Support
ltreenpy@umich.edu,peL74g,University of Bunkyo,Staff Scientist,Accounting
rlednorpz@yandex.ru,IhZjBS7NBS,Universidad Católica de Cuenca,Software Engineer IV,Research and Development
gfrostdickeq0@youtube.com,Rrbk0X,Kannur University,Structural Analysis Engineer,Services
cbrobynq1@joomla.org,KFUh2VPpv,"Institute of Classical Studies, University of London",Project Manager,Product Management
cmantrippq2@sfgate.com,sdB3rTpS0,"Ecole Nationale Supérieure en Electrotechnique, Electronique, Informatique et Hydraulique de Toulouse",Biostatistician IV,Product Management
wcappineerq3@wiley.com,LOhni2I8b,Xi'an Jiaotong University,Cost Accountant,Training
adespenserq4@intel.com,OVAjdmcQ6Qjw,University of Peshawar,Statistician IV,Marketing
mmapamq5@nydailynews.com,t35MIRGe2WzV,Mawlana Bhashani Science And Technology University,Graphic Designer,Product Management
escintsburyq6@ihg.com,Lrvxhd7O,"University ""Transilvany"" of Brasov",Biostatistician IV,Business Development
dlawelesq7@census.gov,ihUXyB,Institut National des Sciences Appliquées de Rouen,Technical Writer,Accounting
ldeguerreq8@google.fr,rtjNq4nS,Uttar Pradesh Technical University,Speech Pathologist,Legal
ctrewhellaq9@qq.com,KPPJ960VfVIr,Open Polytechnic ,Clinical Specialist,Accounting
gzavattariqa@uiuc.edu,J8a27yiLRI,Universidad Nacional de Cajamarca,Geological Engineer,Research and Development
gdanieliqb@soundcloud.com,1wigYq4AFt74,University for Humanistics (UH),Research Assistant III,Engineering
fthomssonqc@myspace.com,gUsZl6ipxVZ5,University of Health Sciences Andhra Pradesh,Pharmacist,Research and Development
icoodeqd@dot.gov,ZddTa4,Al-Isra University,Design Engineer,Support
nricharsonqe@epa.gov,0oACun,Faculdades Integradas do Brasil - UNIBRASIL,Environmental Specialist,Services
pyurenevqf@mail.ru,NjYA5v,Ecole Nationale Supérieure des Telecommunications de Bretagne,Sales Representative,Business Development
aluceyqg@nationalgeographic.com,H8P763Bb1Htj,International University in Germany,VP Product Management,Marketing
hbusenqh@google.es,R259aphx1G,King Faisal University,Information Systems Manager,Training
gaaronsohnqi@yelp.com,TDSyF2dz,Montanuniversität Leoben,Database Administrator I,Sales
dbertsonqj@weather.com,sbDFdcvILXY,Newports Institute of Communication & Economics,Professor,Training
oaultqk@themeforest.net,mYyrKN3RT,University of Presov,VP Marketing,Legal
rkennefordql@cmu.edu,LdaUAHkCL1PY,Lutherische Theologische Hochschule Oberursel,Operator,Sales
bprideqm@census.gov,j4fC32FXgH,Institut des hautes études économiques et commerciales,Editor,Product Management
clindblomqn@auda.org.au,0A44TwdHT5Yy,Bharathiar University,Human Resources Manager,Engineering
hayrsqo@wikipedia.org,STxRr4Gqo,University of Lincoln,Automation Specialist I,Engineering
aeddoesqp@europa.eu,txt0cTCmdr,Universitas Jenderal Achmad Yani,Staff Accountant I,Support
ngallandreqq@yahoo.com,tQKxCT41A,North West Frontier Province Agricultural University,Financial Analyst,Sales
lcollumbineqr@cbslocal.com,nDilJo,St. Thomas University,Food Chemist,Support
pdepaoliqs@bing.com,CAaKFCAnhLm,Govind Ballabh Pant University of Agriculture and Technology,Community Outreach Specialist,Business Development
mgroundwatorqt@netlog.com,LV9gcxxu,Universidad del Centro Educativo Latinoamericano Rosario,Design Engineer,Marketing
dkempsterqu@xrea.com,bZvIa3,Berne University,Quality Control Specialist,Marketing
fszreterqv@chicagotribune.com,WFZ9kF8i,Irkutsk State Technical University,Chemical Engineer,Services
lvinickqw@tuttocitta.it,4NfQLVs1FtiW,Ecole Supérieure de Commerce de Lyon,Programmer III,Engineering
jklazengaqx@linkedin.com,kFMVddQGtp,Lawrence University,Compensation Analyst,Sales
tgebbeqy@simplemachines.org,at412wGdO,Universidad del Valle de México,Health Coach III,Business Development
rbernoletqz@wp.com,2ST08woEw64u,Effat College,Account Representative IV,Accounting
rsilsonr0@npr.org,K0107dEVdG,Chaopraya University ,GIS Technical Architect,Training
citscovitzr1@bravesites.com,ryodID1TVfVM,Barat College,Product Engineer,Support
hpaquetr2@amazonaws.com,lvMYmn7UB,Chang Gung University,Web Designer I,Product Management
csemeredr3@whitehouse.gov,x0Y1V3kVA,National Defence Medical College,Community Outreach Specialist,Product Management
srooser4@hexun.com,ioZhCE7C7J,E.A.P. Europäische Wirtschaftshochschule Berlin,Analyst Programmer,Sales
lneilsonr5@omniture.com,xxDVxv1PiPr,University of the Visayas,Account Executive,Engineering
jpresideyr6@feedburner.com,MSfkugi,"Hogeschool voor Wetenschap en Kunst (VLEKHO), Brussel",Legal Assistant,Human Resources
kiacomellir7@hc360.com,pk4LWbazPJq,University of Moratuwa,Payment Adjustment Coordinator,Product Management
bthorner8@howstuffworks.com,qskBvzVbf,Mercy College,Structural Analysis Engineer,Legal
wgrassettr9@ed.gov,kFvaSZk,College of Technology at Jeddah,Information Systems Manager,Research and Development
pallittra@seesaa.net,6ZWnCNc,Universidad Autónoma del Estado de Hidalgo,Teacher,Services
ahillumrb@reddit.com,Ahv8AaKyACfl,Romanian-American University,GIS Technical Architect,Marketing
acrippenrc@yahoo.com,som1A6x,Universidad Técnica de Ambato,VP Accounting,Support
wtubrittrd@issuu.com,ABklrJ0f9M,Centro Universitário Senac,Help Desk Technician,Training
gjagielskire@booking.com,NnjFyBB,Duke University,Desktop Support Technician,Human Resources
cschowenburgrf@bbc.co.uk,cvdKRUMFH,Yarmouk Private University ,Software Engineer I,Marketing
dsylvainerg@hao123.com,JBr2oFXbp,Aria Institute of Higher Education,Sales Associate,Services
womohunrh@hexun.com,FHCCXpi,Instituto Universitario de La Paz,Automation Specialist III,Marketing
hvedekhinri@china.com.cn,Io5sfOisv0u9,Ho Chi Minh City University of Technology,Business Systems Development Analyst,Legal
ncalafaterj@icq.com,zYoBwE,Trinity Theological Seminary,Associate Professor,Marketing
gchimentirk@bravesites.com,A6wEH3yFkO,Shokei College,Sales Representative,Accounting
rbreretonrl@cornell.edu,126KqWJF,Russian Academy of Theatre Arts,Teacher,Marketing
mpimlettrm@github.com,A72nrJ,Universidad Austral de Chile,VP Accounting,Engineering
rmulvaneyrn@ucoz.com,ZfIxq4y,University of Basrah,Registered Nurse,Business Development
rworsomro@ning.com,0E8p1tlX7wak,Utah State University,GIS Technical Architect,Marketing
lpretiousrp@economist.com,u5oyraJW,Astrakhan State University,Web Designer IV,Training
aogarmenrq@themeforest.net,WQurSBv9SMc,Aksum University,Software Consultant,Sales
usendallrr@google.co.jp,sUZMe826g5,University of Findlay,Budget/Accounting Analyst I,Services
